"PointID","x","y","Adjoint_Density","Adjoint_Momentum_x","Adjoint_Momentum_y","Adjoint_Energy","Adjoint_Nu_Tilde","Sensitivity_x","Sensitivity_y","Surface_Sensitivity"
25, 9.853970408439640e-01, 9.702421051539445e-04, -1.938206894718560e-02, 5.380180193413567e-06, 1.660923590917719e-05, 2.018516311928851e-08, -1.175533010410792e-04, -1.323584162187073e-01, -2.676109679105399e+00, -2.679374314091472e+00
51, 9.695732593536380e-01, 1.607496723649010e-03, -1.719003341836247e-02, 3.782225098475052e-06, 1.725920009253991e-05, 3.328318529196364e-08, -6.823787036070865e-05, -5.273849254157286e-02, -2.030392294930615e+00, -2.031076550665038e+00
77, 9.526804089546200e-01, 1.844301947383755e-03, -1.607109290009230e-02, 3.735299185846008e-06, 7.603581491560146e-06, 1.911722921281193e-08, -5.650666333142162e-05, -3.628194545285383e-04, -1.712356739755578e+00, -1.712356661169318e+00
103, 9.349957108497620e-01, 1.627606612394391e-03, -1.602263007390814e-02, 3.977742070954823e-06, -2.733661252832945e-06, 7.477660547935201e-09, -5.178578509377696e-05, 3.752901345331992e-02, -1.587511991779446e+00, -1.587953222612854e+00
129, 9.168222546577450e-01, 9.355047304160813e-04, -1.638216052086220e-02, 4.512495754052614e-06, -1.183221033044370e-05, 1.872013240418225e-10, -4.859656037314739e-05, 6.885372917347556e-02, -1.527960810573711e+00, -1.529508313639695e+00
155, 8.983380794525150e-01, -9.788816094282121e-05, -1.688159089973174e-02, 5.210714934973546e-06, -1.906658468504144e-05, -4.584503892122157e-09, -4.668344933702976e-05, 9.224044838348266e-02, -1.494601461435627e+00, -1.497441543102601e+00
181, 8.797067403793331e-01, -1.436327965559249e-03, -1.738344477737338e-02, 6.008139060051414e-06, -2.529519717321175e-05, -8.227176469271203e-09, -4.536970269447881e-05, 1.135448519255092e-01, -1.488019039600315e+00, -1.492340979334819e+00
207, 8.610174655914310e-01, -3.030980796706118e-03, -1.783948062495512e-02, 6.764426377234885e-06, -3.025316761943265e-05, -1.045625562491803e-08, -4.427571512704174e-05, 1.309170264886162e-01, -1.488430638751552e+00, -1.494172935094987e+00
233, 8.422674536705020e-01, -4.817836586665082e-03, -1.825964579558111e-02, 7.675602058612442e-06, -3.654247944168467e-05, -1.692451799186801e-08, -4.313212864095708e-05, 1.458120461328880e-01, -1.490445204109434e+00, -1.497555048841477e+00
259, 8.235722184181210e-01, -6.798204823031655e-03, -1.863353085690330e-02, 8.324433194647834e-06, -3.885820324603349e-05, -9.911763819341128e-09, -4.312011097984374e-05, 1.623107182227539e-01, -1.504595251104295e+00, -1.513320207653854e+00
285, 8.049457669258120e-01, -8.935967095064805e-03, -1.895744638505638e-02, 9.134948479371497e-06, -4.327274981999662e-05, -1.993901234160403e-08, -4.281038299766308e-05, 1.749881654345680e-01, -1.527934883787403e+00, -1.537916304225052e+00
311, 7.863141298294070e-01, -1.117310726623951e-02, -1.898310349173672e-02, 9.451523655246648e-06, -4.399635029820996e-05, -1.469429090210868e-08, -4.118788987080099e-05, 1.869758924749388e-01, -1.541610008890400e+00, -1.552899581691935e+00
337, 7.678796052932740e-01, -1.355100000697981e-02, -1.908682605663526e-02, 1.010611336587422e-05, -4.654368914237708e-05, -1.542147469190028e-08, -4.050791687573840e-05, 2.012408049739180e-01, -1.566007434232182e+00, -1.578877069574625e+00
363, 7.495508193969730e-01, -1.601423120512750e-02, -1.918526826296154e-02, 1.055611653859181e-05, -4.827437094590065e-05, -1.525033069556359e-08, -3.992142764105709e-05, 2.137587967471653e-01, -1.601241134123812e+00, -1.615437370130440e+00
389, 7.313483357429500e-01, -1.854982301096746e-02, -1.924213200971341e-02, 1.081696274072231e-05, -4.886190602695350e-05, -1.367503285265471e-08, -3.954352909618908e-05, 2.264668242352531e-01, -1.649722415235919e+00, -1.665184804510025e+00
415, 7.132214307785030e-01, -2.112486520106153e-02, -1.938294314592746e-02, 1.143936157927803e-05, -5.253361633032848e-05, -1.842422653185076e-08, -3.924531262917869e-05, 2.371488765212122e-01, -1.697756243325535e+00, -1.714228023659137e+00
441, 6.951977014541630e-01, -2.373231345356141e-02, -1.946453344125841e-02, 1.143578781086762e-05, -5.136820780090333e-05, -7.654138409677088e-09, -3.979707169138728e-05, 2.504829833082758e-01, -1.754541179043955e+00, -1.772322268568571e+00
467, 6.773055195808410e-01, -2.636609591071725e-02, -1.949081025604434e-02, 1.182422522432897e-05, -5.338072982916992e-05, -1.624881564929563e-08, -3.968370404669152e-05, 2.609795531662433e-01, -1.817579498935069e+00, -1.836208459319336e+00
493, 6.594728827476500e-01, -2.899377663306990e-02, -1.924653243745233e-02, 1.180898139555236e-05, -5.365015537661402e-05, -1.367489220080614e-08, -3.792555145262904e-05, 2.678656795163804e-01, -1.853304820538183e+00, -1.872549892827248e+00
519, 6.418011188507080e-01, -3.163141938925385e-02, -1.909211186706898e-02, 1.201311063025751e-05, -5.425753350970110e-05, -7.987762180302400e-09, -3.820561961669343e-05, 2.830580431352449e-01, -1.929252495963687e+00, -1.949896217815099e+00
545, 6.243042349815370e-01, -3.427284743566729e-02, -1.913169099353636e-02, 1.167181304153607e-05, -5.279930970222264e-05, -4.883705350006648e-09, -4.032815966077735e-05, 2.928705664153292e-01, -2.035350859526817e+00, -2.056308709920851e+00
571, 6.065399646759030e-01, -3.678502639262222e-02, -1.895617076560985e-02, 1.104870253374702e-05, -5.046643949525460e-05, -6.358893443405250e-09, -4.107088802258748e-05, 2.930171537649224e-01, -2.144903380489747e+00, -2.164813035722068e+00
597, 5.888153314590450e-01, -3.924388641525305e-02, -1.865082347517988e-02, 1.050674815608528e-05, -4.720232269724783e-05, 2.452625252104823e-09, -4.068274220575824e-05, 2.971530234132148e-01, -2.192410698721794e+00, -2.212441174978689e+00
623, 5.713157057762150e-01, -4.169361492259899e-02, -1.848487164744287e-02, 1.029906363190832e-05, -4.621261480062254e-05, 4.560385505396399e-09, -4.116561450853340e-05, 3.038021607398121e-01, -2.263762385474449e+00, -2.284043702783712e+00
649, 5.538190603256230e-01, -4.406160015023421e-02, -1.829133638431635e-02, 1.027505929310539e-05, -4.774632951492430e-05, 6.634292816742472e-10, -4.184859135413302e-05, 3.038408705908027e-01, -2.352403661489004e+00, -2.371929311519581e+00
675, 5.363336801528930e-01, -4.634065869385814e-02, -1.759571980371433e-02, 8.762447914973393e-06, -3.780834453635398e-05, 1.919349816693848e-08, -4.229963891532457e-05, 3.036513820402051e-01, -2.448159615233796e+00, -2.466909049770823e+00
701, 5.188096761703490e-01, -4.850522181437198e-02, -1.717312181876936e-02, 8.565369335713045e-06, -3.857802820995990e-05, 1.549378286194602e-08, -4.270501125508259e-05, 2.961648761704337e-01, -2.540091533876039e+00, -2.557288203729119e+00
727, 5.012295246124270e-01, -5.053752357139907e-02, -1.677382656947998e-02, 8.023064441801939e-06, -3.616885343493763e-05, 1.906997277981402e-08, -4.370577862703956e-05, 2.865912257052354e-01, -2.642132521928602e+00, -2.657621417195505e+00
753, 4.835794866085050e-01, -5.241879670532423e-02, -1.620334832629394e-02, 7.208358185948229e-06, -3.109646205711225e-05, 2.300241043049403e-08, -4.417633659269353e-05, 2.725346408310536e-01, -2.746052458749608e+00, -2.759534989224834e+00
779, 4.658685922622680e-01, -5.413462575632144e-02, -1.588287669906838e-02, 7.278937929534361e-06, -3.580572667867478e-05, 1.735590287600030e-08, -4.451321066856746e-05, 2.537471719103243e-01, -2.841249870707771e+00, -2.852553704728102e+00
805, 4.480717480182650e-01, -5.565369370929332e-02, -1.532688313533617e-02, 6.540348790152725e-06, -3.062041551535650e-05, 2.090208579400762e-08, -4.659236946735327e-05, 2.290105019662653e-01, -2.978886249545190e+00, -2.987671277614437e+00
831, 4.301885962486270e-01, -5.694281276413896e-02, -1.451829883235511e-02, 5.828130255555856e-06, -2.531974347721036e-05, 2.479895163507753e-08, -4.816940810157904e-05, 1.988869637452155e-01, -3.122414669006992e+00, -3.128738303211253e+00
857, 4.122794568538670e-01, -5.799213510455748e-02, -1.358508810411732e-02, 5.216773717215007e-06, -1.975750295664747e-05, 2.847318682484860e-08, -4.977307971937414e-05, 1.615562592534286e-01, -3.227051981359107e+00, -3.231090512469949e+00
883, 3.944020271301270e-01, -5.878282159048908e-02, -1.264948081288160e-02, 4.711873093869351e-06, -1.352687718645502e-05, 3.203225175602513e-08, -5.202296538336004e-05, 1.155488755778394e-01, -3.340861577265344e+00, -3.342855911124970e+00
909, 3.766198158264160e-01, -5.927555153965408e-02, -1.181982952906204e-02, 4.363510136619234e-06, -7.106274518448445e-06, 3.534257468892223e-08, -5.513985903691419e-05, 6.571081628882028e-02, -3.424400351149957e+00, -3.425028840380841e+00
935, 3.590588271617890e-01, -5.949841253136893e-02, -1.105473190380578e-02, 4.183267786352492e-06, -1.013399930673945e-06, 3.792358756515532e-08, -5.857811096526482e-05, 1.524296234514037e-02, -3.465968145989149e+00, -3.466000906258035e+00
961, 3.418258726596830e-01, -5.945158392440631e-02, -1.028276921741168e-02, 4.140948996049319e-06, 4.151241905789868e-06, 3.908495482293712e-08, -6.180516231025291e-05, -3.155484612865051e-02, -3.446801606804076e+00, -3.446945595673806e+00
987, 3.249974250793460e-01, -5.920394541806059e-02, -9.449750672611329e-03, 4.181852133027067e-06, 8.016970532527970e-06, 3.936692941628459e-08, -6.489640091498694e-05, -7.017883920406955e-02, -3.382366743611616e+00, -3.383094659243373e+00
1013, 3.086399734020230e-01, -5.875694411086894e-02, -8.133476185864902e-03, 4.890847587956020e-06, 2.772452202774304e-05, 6.253103994790643e-08, -6.619209231274930e-05, -1.058273346685802e-01, -3.321483085629831e+00, -3.323167644731364e+00
1039, 2.927811741828920e-01, -5.815348478223725e-02, -7.630908824830822e-03, 4.591483864504545e-06, 1.962641512368568e-05, 4.055742491370919e-08, -6.538380864541363e-05, -1.348400282013126e-01, -3.198217126976830e+00, -3.201058221253867e+00
1065, 2.774220108985900e-01, -5.743155384448834e-02, -6.781450988008634e-03, 4.723250433433928e-06, 2.269869217793086e-05, 4.123800878708588e-08, -6.349930839829373e-05, -1.548503994259592e-01, -3.072448933408407e+00, -3.076348145020392e+00
1091, 2.625653147697450e-01, -5.661304099907504e-02, -6.314488823473595e-03, 4.888745462633124e-06, 2.363664386444945e-05, 4.792385813886720e-08, -6.477855080201403e-05, -1.679496888831918e-01, -2.969784432482743e+00, -2.974518903926124e+00
1117, 2.482267022132870e-01, -5.570171497361433e-02, -5.720632631403327e-03, 5.964534852631850e-06, 3.617870038435731e-05, 5.800456064509898e-08, -6.582962723077315e-05, -1.892640100904311e-01, -2.893138503981405e+00, -2.899314307992696e+00
1143, 2.344165146350860e-01, -5.470416572469185e-02, -5.442906221835393e-03, 5.297353342604213e-06, 2.732567868259429e-05, 3.785104927392825e-08, -6.301159047033061e-05, -2.032841526983796e-01, -2.762018748773322e+00, -2.769484095859743e+00
1169, 2.210974693298340e-01, -5.365118326108168e-02, -4.794577707456494e-03, 5.408453051886479e-06, 2.891839289279541e-05, 3.883920238080134e-08, -5.986906878784619e-05, -2.107607852086448e-01, -2.645700199698263e+00, -2.654075071846924e+00
1195, 2.082438766956330e-01, -5.256034886025774e-02, -4.527692475049508e-03, 5.885690412328616e-06, 3.237803440376487e-05, 5.170096236564663e-08, -6.051657571359870e-05, -2.139480295632592e-01, -2.551605964211906e+00, -2.560531560629628e+00
1221, 1.958884000778200e-01, -5.141805876272953e-02, -4.373988854245350e-03, 6.018774236021865e-06, 3.169208376481521e-05, 3.677195669374476e-08, -6.044236804581211e-05, -2.312988250829138e-01, -2.475974287775866e+00, -2.486745504201816e+00
1247, 1.840233504772190e-01, -5.023208989485400e-02, -3.707904197339289e-03, 5.851113034941617e-06, 3.088385529542181e-05, 3.615970881147893e-08, -5.659867416204561e-05, -2.340586569772138e-01, -2.358234561500980e+00, -2.369807456020899e+00
1273, 1.725961565971370e-01, -4.902540471802259e-02, -3.091860836351911e-03, 7.239704229785882e-06, 4.187377820409331e-05, 5.801668400014286e-08, -5.538533207574619e-05, -2.354057685036178e-01, -2.276988557904432e+00, -2.289092029545770e+00
1299, 1.616173982620240e-01, -4.779424785424034e-02, -3.170314368309279e-03, 5.966936676234402e-06, 2.970048396152769e-05, 2.825289351789008e-08, -5.381058010001207e-05, -2.479192263867563e-01, -2.192755882188239e+00, -2.206715935414862e+00
1325, 1.511152982711790e-01, -4.652904675059848e-02, -2.869054683387223e-03, 6.269511049843749e-06, 3.150723243473637e-05, 3.974377238325155e-08, -5.195798557897519e-05, -2.466156466957143e-01, -2.090659453530909e+00, -2.105118223545028e+00
1351, 1.410477757453920e-01, -4.524501301255809e-02, -2.553574594594625e-03, 7.682137547412945e-06, 3.969965855062832e-05, 4.679226565312365e-08, -5.191794646111936e-05, -2.571921047538887e-01, -2.024815993620396e+00, -2.041055344179720e+00
1377, 1.314679384231570e-01, -4.392591793577037e-02, -2.370863796890815e-03, 6.403461161748500e-06, 3.030136360173586e-05, 2.682218632351003e-08, -4.824495648214637e-05, -2.620535643197305e-01, -1.920662157823189e+00, -1.938438555204625e+00
1403, 1.222792565822600e-01, -4.260100392285740e-02, -2.047249100708991e-03, 6.833573741031527e-06, 3.225623490631160e-05, 3.726239400421808e-08, -4.670844532128103e-05, -2.583191592684029e-01, -1.831454122528632e+00, -1.849537895307914e+00
1429, 1.134960949420930e-01, -4.126458296740421e-02, -1.735699143895613e-03, 8.294724142858682e-06, 3.930069469587460e-05, 4.338013387100563e-08, -4.677946341632896e-05, -2.669229618204286e-01, -1.767901819943234e+00, -1.787900913673449e+00
1455, 1.051684617996220e-01, -3.990370771887218e-02, -1.540697516630336e-03, 7.192819696356106e-06, 3.199013887721035e-05, 2.714251364895532e-08, -4.343467010994849e-05, -2.713714149468685e-01, -1.681627411752133e+00, -1.703356720016282e+00
1481, 9.719923138618471e-02, -3.854195306086811e-02, -1.271471751538552e-03, 7.538216403885996e-06, 3.270512477989669e-05, 3.489106533307692e-08, -4.183409741514476e-05, -2.666406552689913e-01, -1.586370739795264e+00, -1.608572014629898e+00
1507, 8.964005112648010e-02, -3.716581286804654e-02, -9.766353200521393e-04, 8.642370771839639e-06, 3.673410617619587e-05, 3.572163354033202e-08, -4.127943868442570e-05, -2.725742879438286e-01, -1.511931405646417e+00, -1.536267056872572e+00
1533, 8.247101306915280e-02, -3.577958168700216e-02, -9.577221056648287e-04, 8.079034184559898e-06, 3.253724076901632e-05, 3.262444493054847e-08, -4.016492900512775e-05, -2.708949527346766e-01, -1.433487593193076e+00, -1.458800574372156e+00
1559, 7.564741373062130e-02, -3.439116487940198e-02, -7.794725995478469e-04, 8.685861193549875e-06, 3.392546827732604e-05, 2.938542368093908e-08, -3.867988404692922e-05, -2.740772489332748e-01, -1.361715133616717e+00, -1.388983135727654e+00
1585, 6.917616724967959e-02, -3.299798073494160e-02, -4.566489126911783e-04, 8.665470177618267e-06, 3.307238404751614e-05, 2.908124815376800e-08, -3.539762894274173e-05, -2.693910834181047e-01, -1.276711156709268e+00, -1.304779376177028e+00
1611, 6.298619508743290e-02, -3.161132717569873e-02, -3.539340339551392e-04, 8.837905831023238e-06, 3.237392479478828e-05, 3.119634030816698e-08, -3.467813379167209e-05, -2.639194747964128e-01, -1.199052398258259e+00, -1.227697528439879e+00
1637, 5.711802840232850e-02, -3.022227399127908e-02, -3.081494791810791e-04, 8.944371871632984e-06, 3.094546828245942e-05, 2.638075459538149e-08, -3.466427635187406e-05, -2.659865532488735e-01, -1.129678506921797e+00, -1.160520238905843e+00
1663, 5.161416530609130e-02, -2.882252121900050e-02, -7.106512380103576e-05, 9.338324021527997e-06, 3.093192888787926e-05, 2.610622642213861e-08, -3.326613657940942e-05, -2.655311902477197e-01, -1.055285128665827e+00, -1.088126353977396e+00
1689, 4.642483592033390e-02, -2.741953287781870e-02, 1.608025110587646e-04, 1.010811077595291e-05, 3.183031740245999e-05, 2.835484483468917e-08, -3.285144855268142e-05, -2.620953423491359e-01, -9.772794910753272e-01, -1.011753703229628e+00
1715, 4.156750440597530e-02, -2.600942545070508e-02, 4.466040835470683e-04, 1.064494060581217e-05, 3.191954361310569e-05, 2.538227531292561e-08, -3.163815148598729e-05, -2.602837626620817e-01, -9.062690208598654e-01, -9.428536313364676e-01
1741, 3.698146343231200e-02, -2.459959506064228e-02, 7.689435139395812e-04, 1.126957850607607e-05, 3.244318454315714e-05, 2.682341885762743e-08, -2.968209675279191e-05, -2.531414498433182e-01, -8.315300226107853e-01, -8.691554043362039e-01
1767, 3.265759348869320e-02, -2.318939629766422e-02, 8.933633832474818e-04, 1.153501061284034e-05, 3.125371292665776e-05, 2.649317260997006e-08, -3.038294716078499e-05, -2.426603908092987e-01, -7.480639314774041e-01, -7.863815332898010e-01
1793, 2.861636877059940e-02, -2.177550025856396e-02, 9.973966597108704e-04, 1.222873314719555e-05, 3.078930736366968e-05, 2.525409148956429e-08, -3.232102051807763e-05, -2.376521618946599e-01, -6.761534155095900e-01, -7.166440350052198e-01
1819, 2.490270137786870e-02, -2.035225728139445e-02, 1.236309391218870e-03, 1.277686218193236e-05, 3.009116212458985e-05, 2.186659183587857e-08, -3.211915537722947e-05, -2.352413570276252e-01, -6.160741613088423e-01, -6.594036950460410e-01
1845, 2.143678069114690e-02, -1.892719971928051e-02, 1.458890153697966e-03, 1.366339566655025e-05, 3.025859141199054e-05, 2.522812678105227e-08, -3.286039779147473e-05, -2.245453236183370e-01, -5.508055039849307e-01, -5.947460228835341e-01
1871, 1.820489764213560e-02, -1.750031034715835e-02, 1.599254360565194e-03, 1.428945896585426e-05, 2.922957785744789e-05, 2.235922368863018e-08, -3.645197262332730e-05, -2.149345217760136e-01, -4.848491528957335e-01, -5.302890657408738e-01
1897, 1.524919271469120e-02, -1.606739984457965e-02, 1.824573905930579e-03, 1.535548818594259e-05, 2.878888951099214e-05, 2.218889859031899e-08, -3.797124603364495e-05, -2.091819924249188e-01, -4.291896012384206e-01, -4.773799890501416e-01
1923, 1.256430149078370e-02, -1.462849857303096e-02, 2.095972383484706e-03, 1.664846702201981e-05, 2.818608178072960e-05, 2.168177133441589e-08, -3.883151989050789e-05, -1.986299347820987e-01, -3.659851726365125e-01, -4.163339302138286e-01
1949, 1.017087697982790e-02, -1.318254628835004e-02, 2.351204093912897e-03, 1.834461490038510e-05, 2.756071699843860e-05, 2.236999167892970e-08, -3.852155002621970e-05, -1.816241722358799e-01, -2.979125584073348e-01, -3.488061570166808e-01
1975, 8.062899112701419e-03, -1.173012494509299e-02, 2.588531662459108e-03, 1.988684797846070e-05, 2.657168231834792e-05, 2.100420602724478e-08, -3.461805626769335e-05, -1.554306571000455e-01, -2.270543338448067e-01, -2.750421257233651e-01
2001, 6.177186965942380e-03, -1.027433011706352e-02, 2.764215071250791e-03, 2.135309404401905e-05, 2.573506809218910e-05, 2.171051013038087e-08, -2.744698948100993e-05, -1.227059638259317e-01, -1.624682850007684e-01, -2.034795575443930e-01
2027, 4.468053579330440e-03, -8.816174507121048e-03, 2.948433353978999e-03, 2.291993942326584e-05, 2.425814397791023e-05, 2.107768649693474e-08, -1.745657018752676e-05, -8.081496894149157e-02, -9.480540899132867e-02, -1.244732776585362e-01
2053, 3.018766641616820e-03, -7.352702437243532e-03, 3.265319327785263e-03, 2.534277169242413e-05, 2.171549710004872e-05, 1.943285110338173e-08, -5.067494146382217e-06, -2.557157111728094e-02, -2.643841622153839e-02, -3.664805164865098e-02
2079, 1.912891864776610e-03, -5.883900661443790e-03, 3.571726090700084e-03, 2.811380746806835e-05, 1.789781965588824e-05, 1.813401675802300e-08, 1.173590354925630e-06, 3.708319634879096e-02, 2.472945675417214e-02, 4.456737463620860e-02
2105, 1.121968030929570e-03, -4.412531610410010e-03, 3.692991027338327e-03, 3.021672193834344e-05, 1.394500548983128e-05, 1.771735681571941e-08, 1.496130943546352e-05, 8.980362189634447e-02, 4.808081904741603e-02, 1.017115506133020e-01
2131, 5.391836166381840e-04, -2.940711387956217e-03, 3.579931541868408e-03, 3.167621055894557e-05, 1.008363393571787e-05, 1.784130207042115e-08, 3.446095907044423e-05, 1.170799136059037e-01, 4.982655241281235e-02, 1.267133179063306e-01
2157, 1.753866672515870e-04, -1.469801808679051e-03, 3.443809731283653e-03, 3.278053341274032e-05, 5.975692603291538e-06, 1.714924893600695e-08, 4.647643324382484e-05, 1.144988986558456e-01, 3.690450865804868e-02, 1.192770528388672e-01
2183, 0.000000000000000e+00, 0.000000000000000e+00, 3.184584730654971e-03, 3.006917295819976e-05, 7.834578183824360e-07, 1.720256632572721e-08, 5.071408234965385e-05, 2.183453910765549e-02, 3.300646976156515e-02, 2.270399250384410e-02
2209, 1.051127910614010e-04, 1.173569555378085e-03, 3.138697492824753e-03, 2.669981297681816e-05, -3.878735297199919e-06, 1.276974469707800e-08, 4.104555387333666e-05, -5.910715052864073e-02, 2.289545048373834e-02, -6.181448054667126e-02
2235, 3.451704978942870e-04, 2.341215711471615e-03, 3.220685796390654e-03, 2.589505118557836e-05, -6.833415881496407e-06, 1.473778896518694e-08, 3.708999643771234e-05, -1.368114598604805e-01, 6.310308991690189e-02, -1.485221596150823e-01
2261, 7.326900959014890e-04, 3.501010765760473e-03, 3.449083666853560e-03, 2.446979176886058e-05, -9.700728815673873e-06, 1.634480888762674e-08, 4.858927221642364e-05, -2.531405041992557e-01, 1.436414000031823e-01, -2.884965248169337e-01
2287, 1.276999711990360e-03, 4.651082535823835e-03, 3.625093292097459e-03, 2.348628122021734e-05, -1.249711194582281e-05, 1.654094063688424e-08, 5.758475487710185e-05, -3.281367451329487e-01, 2.212171042723201e-01, -3.938952251834488e-01
2313, 1.973092555999760e-03, 5.790234355263617e-03, 3.664575230251696e-03, 2.206302202372707e-05, -1.515048097009538e-05, 1.591411776371694e-08, 6.696693909309830e-05, -3.702735015395692e-01, 2.935710463039988e-01, -4.716600044468780e-01
2339, 2.858132123947140e-03, 6.915231145110208e-03, 3.798322265645164e-03, 2.032564376787189e-05, -1.762729397969244e-05, 1.331584967125418e-08, 6.362222698510513e-05, -3.615849937649918e-01, 3.273474475741178e-01, -4.877013463925091e-01
2365, 3.939032554626460e-03, 8.024421515816125e-03, 3.997899247871839e-03, 1.841565096079609e-05, -1.911519425571329e-05, 1.279928904037294e-08, 4.318593848920733e-05, -3.027532516809571e-01, 3.171362037388857e-01, -4.384426308875578e-01
2391, 5.185037851333620e-03, 9.119211037407709e-03, 4.017828859069151e-03, 1.683788894856437e-05, -1.947385370213778e-05, 1.556417142733715e-08, 2.335526888791123e-05, -2.361626604772668e-01, 2.917007602177349e-01, -3.752607157396953e-01
2417, 6.539613008499150e-03, 1.020484292601141e-02, 4.387222189246421e-03, 1.632262191319566e-05, -2.031651730481653e-05, 1.248387694179252e-08, 1.868956082629971e-05, -1.572657331886851e-01, 2.088593331846457e-01, -2.614260490753632e-01
2443, 7.984459400177000e-03, 1.128368461963133e-02, 4.721389026918969e-03, 1.514216630452754e-05, -2.071980120782151e-05, 1.645018681928428e-08, 2.826455205471126e-05, -2.208962351741450e-01, 3.353137629912867e-01, -4.013238258414145e-01
2469, 9.577721357345579e-03, 1.235075599839023e-02, 4.982773285739581e-03, 1.385289378696473e-05, -2.119782890249874e-05, 1.897446282096743e-08, 3.834592925597871e-05, -3.052718097216321e-01, 5.196902410147017e-01, -6.024138976021698e-01
2495, 1.134461164474490e-02, 1.340379920876063e-02, 5.171056719960155e-03, 1.277378892414044e-05, -2.163395248009049e-05, 2.011098256265264e-08, 4.381201063316156e-05, -2.986644722657595e-01, 5.648107766742521e-01, -6.386788876845930e-01
2521, 1.328635215759280e-02, 1.444261270241282e-02, 5.442136413217423e-03, 1.168700459579245e-05, -2.199133420193177e-05, 2.176676294142918e-08, 4.798068115302592e-05, -2.854796395915358e-01, 5.955606797225759e-01, -6.603000338949623e-01
2547, 1.542121171951290e-02, 1.546501335870379e-02, 5.719402308755552e-03, 1.070192492136205e-05, -2.228638371010879e-05, 2.351985080678761e-08, 4.822883747008507e-05, -2.741319832149981e-01, 6.277118229932012e-01, -6.848811013375007e-01
2573, 1.774638891220090e-02, 1.647163804781073e-02, 5.906917326033129e-03, 9.822259679554910e-06, -2.227534207687168e-05, 2.615378112314788e-08, 4.555708919439732e-05, -2.695730166651222e-01, 6.756639064514270e-01, -7.273836795853481e-01
2599, 2.023851871490480e-02, 1.746584664920678e-02, 6.013246155965367e-03, 9.069501893956270e-06, -2.220287406584235e-05, 2.859837795537088e-08, 4.328782956228777e-05, -2.679072344745168e-01, 7.289686880271831e-01, -7.765734449064736e-01
2625, 2.291005849838260e-02, 1.844645341431359e-02, 6.054927764829711e-03, 8.416071830640869e-06, -2.217951491851331e-05, 3.011601964576784e-08, 4.161602431227870e-05, -2.621610628322236e-01, 7.694524216183015e-01, -8.128433592408728e-01
2651, 2.576607465744020e-02, 1.941338214196282e-02, 6.033240917136745e-03, 7.836172892616428e-06, -2.204113884497760e-05, 3.159310580209742e-08, 3.964045401299696e-05, -2.554369926758668e-01, 8.050624476555905e-01, -8.445841937928514e-01
2677, 2.879580855369570e-02, 2.036893488346044e-02, 5.966037056396055e-03, 7.319520575907197e-06, -2.181054970294319e-05, 3.300636054377856e-08, 3.773427031828182e-05, -2.513008655540402e-01, 8.452195571662641e-01, -8.817629414591927e-01
2703, 3.199326992034910e-02, 2.131497860780972e-02, 5.824671852797863e-03, 6.839002744989310e-06, -2.157051702796633e-05, 3.346534374180767e-08, 3.541916527805237e-05, -2.453675298081581e-01, 8.754769722922349e-01, -9.091982401569807e-01
2729, 3.537228703498840e-02, 2.225015412761522e-02, 5.562927312846223e-03, 6.812106211813923e-06, -2.173198345257993e-05, 3.266294818928043e-08, 3.078171687553084e-05, -2.209559640744375e-01, 8.322276818712616e-01, -8.610547755959684e-01
2755, 3.891497850418090e-02, 2.317870830368836e-02, 5.720722687341958e-03, 6.308682179716886e-06, -2.065349344495987e-05, 3.520905484788689e-08, 3.234912010340937e-05, -1.990257257695457e-01, 7.836232549052883e-01, -8.084987501279706e-01
2781, 4.259017109870910e-02, 2.410745383685134e-02, 6.049969809853759e-03, 5.634183250939922e-06, -2.073628426615825e-05, 4.032916116065306e-08, 3.886656397004421e-05, -2.186768106276524e-01, 8.997137761764865e-01, -9.259056070986472e-01
2807, 4.645630717277530e-02, 2.502715775236795e-02, 5.186072247176448e-03, 5.802324528628762e-06, -2.119575504152790e-05, 3.757570651733188e-08, 3.439994744559502e-05, -2.308239655164256e-01, 1.003199799853022e+00, -1.029409961596755e+00
2833, 5.049252510070800e-02, 2.594316904216497e-02, 4.423783433146380e-03, 4.379671143269135e-06, -1.519351184779378e-05, 3.494601970814391e-08, 3.183398191196562e-05, -2.134606081709109e-01, 9.740502457228511e-01, -9.971618222574061e-01
2859, 5.469727516174320e-02, 2.685705672968266e-02, 4.868211057877598e-03, 5.305821377333112e-06, -2.055609568236864e-05, 4.107126501505956e-08, 3.226900279312387e-05, -2.094259825060242e-01, 9.965335762361472e-01, -1.018300221250225e+00
2885, 5.909299850463870e-02, 2.776605483186066e-02, 4.653718363405290e-03, 5.618914501640945e-06, -2.111778149811452e-05, 4.068121961530713e-08, 2.888955558313734e-05, -1.947906899815143e-01, 9.725303873799744e-01, -9.918429871979403e-01
2911, 6.365954875946039e-02, 2.867565367318992e-02, 4.958743955720744e-03, 4.944450044281314e-06, -1.958473771136827e-05, 4.562332582445138e-08, 3.459816466270296e-05, -1.812862695831583e-01, 9.372530445998940e-01, -9.546209837409805e-01
2937, 6.838649511337280e-02, 2.958990027895067e-02, 4.557457300965033e-03, 3.553451172040167e-06, -1.464872077476383e-05, 4.171145921260064e-08, 3.878435738858918e-05, -2.011988395652545e-01, 1.073163137048770e+00, -1.091859854215997e+00
2963, 7.332068681716920e-02, 3.050037900029630e-02, 3.636276656890583e-03, 4.538074940615269e-06, -1.802820761022567e-05, 4.410835909515085e-08, 3.301590631636069e-05, -2.028101953484501e-01, 1.138119763269852e+00, -1.156042396562688e+00
2989, 7.843562960624691e-02, 3.141486060108746e-02, 3.352654999706242e-03, 4.015193473344405e-06, -1.537690413445475e-05, 4.490768202462607e-08, 3.242048451995895e-05, -1.901572142815888e-01, 1.097129253589535e+00, -1.113484511751491e+00
3015, 8.375442028045650e-02, 3.232950430557568e-02, 3.625590231721349e-03, 3.947302970864211e-06, -1.513382068433474e-05, 4.451350205265425e-08, 3.451633716954382e-05, -1.852158193972012e-01, 1.111981879903503e+00, -1.127298744906039e+00
3041, 8.928063511848450e-02, 3.324575492878096e-02, 4.367185119382990e-03, 4.259441521752344e-06, -1.965240781414529e-05, 5.639699987063033e-08, 4.113917018579546e-05, -1.867667821998581e-01, 1.161237579259965e+00, -1.176158536241674e+00
3067, 9.501701593399051e-02, 3.416426084424222e-02, 3.651778789292711e-03, 4.452686124148910e-06, -2.049219147960432e-05, 5.304828978376326e-08, 3.862391181729728e-05, -2.016384891326273e-01, 1.300193973891147e+00, -1.315735916681292e+00
3093, 1.010102331638340e-01, 3.507580629712020e-02, 2.411661025662317e-03, 3.875048080435990e-06, -1.504112407124634e-05, 5.070797192838900e-08, 3.384507864717456e-05, -1.922654182196300e-01, 1.309075024729775e+00, -1.323111771500533e+00
3119, 1.072062253952030e-01, 3.599516893361043e-02, 2.596084044774686e-03, 3.466789802297459e-06, -1.431249824495914e-05, 5.256703335272105e-08, 3.596434788165780e-05, -1.886378522730348e-01, 1.314988509846822e+00, -1.328448529632799e+00
3145, 1.136637628078460e-01, 3.690923514659440e-02, 2.565339382031398e-03, 4.617136012304320e-06, -2.039972712527823e-05, 5.590075195810393e-08, 3.211783732871464e-05, -1.864605826131960e-01, 1.360831787745913e+00, -1.373543422963760e+00
3171, 1.203565001487730e-01, 3.782655685764044e-02, 2.805296710288035e-03, 4.543707057092670e-06, -1.977566187804356e-05, 5.884520919120362e-08, 3.331950070194156e-05, -1.779324460658204e-01, 1.334268493279777e+00, -1.346077607954683e+00
3197, 1.272729039192200e-01, 3.875216976906163e-02, 3.459683400173357e-03, 4.412697958521832e-06, -2.094671039984360e-05, 6.417772956951791e-08, 4.031004603484462e-05, -1.754384094816940e-01, 1.346887921247703e+00, -1.358264772945041e+00
3223, 1.344466507434840e-01, 3.967859573695695e-02, 3.094346876679773e-03, 3.856661196321380e-06, -1.919624456257158e-05, 6.720900429467215e-08, 4.557352152713465e-05, -1.850071500153698e-01, 1.473063445297553e+00, -1.484635581988744e+00
3249, 1.419069468975070e-01, 4.059877083691383e-02, 1.350082301821987e-03, 3.694310888063166e-06, -1.572434331603611e-05, 6.330571189289575e-08, 4.065788995391074e-05, -1.912052632134168e-01, 1.606793018653670e+00, -1.618127291643137e+00
3275, 1.496536135673520e-01, 4.151399624302651e-02, 3.279285487912615e-04, 3.344736893051117e-06, -1.131947178456633e-05, 5.912407071448760e-08, 3.670107811467833e-05, -1.864495380677532e-01, 1.624019454050433e+00, -1.634686380435705e+00
3301, 1.576814949512480e-01, 4.242689755831702e-02, 8.663562512633187e-04, 4.226735508580869e-06, -1.935922013470403e-05, 7.120482461047382e-08, 3.700309141825389e-05, -1.797490272360514e-01, 1.633666949315522e+00, -1.643525459440067e+00
3327, 1.660248339176180e-01, 4.332754665217502e-02, 6.454506193621359e-04, 4.151222474226952e-06, -1.801437158893604e-05, 7.029449543464493e-08, 3.643865564217069e-05, -1.743573150175486e-01, 1.663542961772462e+00, -1.672651976262035e+00
3353, 1.746245622634890e-01, 4.423672522479431e-02, 3.206279652440908e-04, 3.588352092467446e-06, -1.417356072118390e-05, 7.046794854792039e-08, 3.790311713816473e-05, -1.749593013187804e-01, 1.707038671440076e+00, -1.715978771426938e+00
3379, 1.835020482540130e-01, 4.514909212360992e-02, -1.019699342754655e-04, 4.438559324846317e-06, -1.927379002095831e-05, 7.480789531227486e-08, 3.478516283290828e-05, -1.747100152033427e-01, 1.755840168149163e+00, -1.764507517056536e+00
3405, 1.926559209823610e-01, 4.606590128360517e-02, -2.497350650237989e-04, 3.740757443340565e-06, -1.313310053468419e-05, 7.350825280354719e-08, 3.736738896426493e-05, -1.705412396922218e-01, 1.747585611685585e+00, -1.755884083489473e+00
3431, 2.020680904388430e-01, 4.699609149628526e-02, 2.907170828265635e-04, 3.700131721767634e-06, -1.449846866729640e-05, 7.735917212954412e-08, 4.220483110961795e-05, -1.720997585742259e-01, 1.793465104877270e+00, -1.801701942342193e+00
3457, 2.117756903171540e-01, 4.792578811333766e-02, 5.359038365090598e-04, 4.345654652037887e-06, -2.044916040673286e-05, 8.572190705734409e-08, 4.348814605818262e-05, -1.738313341735177e-01, 1.862699767550196e+00, -1.870790124479295e+00
3483, 2.217475175857540e-01, 4.886948599343265e-02, 4.063820105380854e-04, 4.436884699286152e-06, -2.089463745870585e-05, 8.762764661112156e-08, 4.402786600836592e-05, -1.762247759400801e-01, 1.910889921023159e+00, -1.918997990516018e+00
3509, 2.320270836353300e-01, 4.980909279485814e-02, 2.447758214874744e-04, 4.489755894676103e-06, -2.063387947383752e-05, 9.052161992361620e-08, 4.599656088945198e-05, -1.749010732610159e-01, 1.963150675343609e+00, -1.970925548781258e+00
3535, 2.426079511642460e-01, 5.074777431442872e-02, 2.110595161844741e-04, 3.902213852983737e-06, -1.791001185289337e-05, 9.465156721164738e-08, 5.287292830980953e-05, -1.743397257272617e-01, 2.015457952757114e+00, -2.022984179560922e+00
3561, 2.535301446914670e-01, 5.166560733006886e-02, -1.141104817529946e-03, 3.516291790469947e-06, -1.274107443862880e-05, 9.009328773949941e-08, 5.181349688854972e-05, -1.754033576049204e-01, 2.158822719333208e+00, -2.165936559705240e+00
3587, 2.647941112518310e-01, 5.255895910385663e-02, -2.303201471501704e-03, 4.154750439267396e-06, -1.582814813291236e-05, 9.425055687307605e-08, 4.574696247178545e-05, -1.707450116018311e-01, 2.222584274340823e+00, -2.229133162666621e+00
3613, 2.764054536819460e-01, 5.342045169739550e-02, -2.396901948304233e-03, 4.121129843734712e-06, -1.574218003566835e-05, 9.826405864588951e-08, 4.580140092017791e-05, -1.604188985468847e-01, 2.224970832542597e+00, -2.230746180378675e+00
3639, 2.883291840553280e-01, 5.426592453916415e-02, -2.607442591782408e-03, 3.921546718854034e-06, -1.346745910273476e-05, 9.808227502760217e-08, 4.710945834638932e-05, -1.561323496370730e-01, 2.266790122000330e+00, -2.272160284608004e+00
3665, 3.005529642105100e-01, 5.510026147633131e-02, -3.119447409863273e-03, 4.001313448554730e-06, -1.161413595765657e-05, 1.006009897234557e-07, 4.710157707299498e-05, -1.526962944892604e-01, 2.309802744759485e+00, -2.314843649950733e+00
3691, 3.130726814270020e-01, 5.592246899440149e-02, -2.602829523866352e-03, 3.563571491788915e-06, -7.187902161154271e-06, 9.989949847999208e-08, 5.352822031934170e-05, -1.482635720667619e-01, 2.310931217579494e+00, -2.315682364053825e+00
3717, 3.258830904960630e-01, 5.673204209738358e-02, -1.223898101147172e-03, 3.894475140339632e-06, -1.614722678791448e-05, 1.148268738249769e-07, 6.204311491058065e-05, -1.454085847652237e-01, 2.359720869468773e+00, -2.364196725323287e+00
3743, 3.389919400215150e-01, 5.751648503912733e-02, -1.335694544994079e-03, 3.916106897968340e-06, -1.588301194088581e-05, 1.161106928890555e-07, 6.471124125252312e-05, -1.426914347310732e-01, 2.445598439063926e+00, -2.449757644739119e+00
3769, 3.523894548416140e-01, 5.827609510083022e-02, -1.683910212108738e-03, 4.001401452097704e-06, -1.501042008842710e-05, 1.187621343494250e-07, 6.678743571355612e-05, -1.374141210304660e-01, 2.481647936763008e+00, -2.485449269524548e+00
3795, 3.660713136196140e-01, 5.900472228995556e-02, -1.638410913959289e-03, 3.329117401273346e-06, -1.143877163640789e-05, 1.244623023803396e-07, 7.505395664901375e-05, -1.304174350879300e-01, 2.519928417268427e+00, -2.523300213750301e+00
3821, 3.800389170646670e-01, 5.968519520134383e-02, -3.730525967976274e-03, 3.340323119178318e-06, -5.325371290613288e-06, 1.162038610306512e-07, 7.065159437633392e-05, -1.243025256882673e-01, 2.665804713140424e+00, -2.668700990550157e+00
3847, 3.942807912826540e-01, 6.030998569986754e-02, -5.123906783939512e-03, 3.624825035759742e-06, 9.634937043878348e-07, 1.100405325270534e-07, 6.525357064032264e-05, -1.148189003595011e-01, 2.695903528828708e+00, -2.698346925335748e+00
3873, 4.087766110897060e-01, 6.089039151356188e-02, -2.462820017084465e-03, 3.648206458462009e-06, -9.067215965035192e-06, 1.324700040636700e-07, 7.819359914263071e-05, -1.016336559299068e-01, 2.631419968154086e+00, -2.633380959648687e+00
3899, 4.235162138938900e-01, 6.141386876402644e-02, -6.447697805776541e-04, 3.256910156636257e-06, -8.287602178895102e-06, 1.360019609284174e-07, 9.336506999705776e-05, -8.885529199263217e-02, 2.675518177646978e+00, -2.676993222098749e+00
3925, 4.384851455688480e-01, 6.187998025133602e-02, -2.107132753141432e-04, 3.087046985152834e-06, -5.029556825113634e-06, 1.402223422151282e-07, 1.058564497737547e-04, -8.011813101667647e-02, 2.725310151926825e+00, -2.726486402720024e+00
3951, 4.536674916744230e-01, 6.227261375311289e-02, 3.970508557238550e-04, 2.074521443554257e-06, 1.028857477539641e-05, 1.346902008402642e-07, 1.204049339548978e-04, -6.113454582922915e-02, 2.773914219717382e+00, -2.774587608719242e+00
3977, 4.690417945384980e-01, 6.256514719795754e-02, 1.524309224558427e-03, 2.424349491065318e-06, -1.643762022413505e-06, 1.382330458511457e-07, 1.178995979463574e-04, -4.206080048952395e-02, 2.711486674417413e+00, -2.711812425048104e+00
4003, 4.845884144306180e-01, 6.277017835995098e-02, 2.534747088904846e-03, 2.376790412894768e-06, 6.975644065435828e-07, 1.363175395679643e-07, 1.065385593784032e-04, -1.913780448462368e-02, 2.337402820430937e+00, -2.337478956607056e+00
4029, 5.002762079238890e-01, 6.286382958880031e-02, 4.168150737601648e-03, 2.348876472873565e-06, 3.973042197585346e-06, 1.321080341941206e-07, 9.328509241311130e-05, 1.178017549230664e-03, 2.078198296806029e+00, -2.078191361661007e+00
4055, 5.160748958587650e-01, 6.283560914134780e-02, 5.747225773051820e-03, 2.785266710158067e-06, 6.411782278551634e-06, 1.172258037107156e-07, 7.067220234312028e-05, 1.463276669790752e-02, 1.636663096273681e+00, -1.636719567999718e+00
4081, 5.319590568542480e-01, 6.268528829123696e-02, 7.518916259022856e-03, 2.706393017817781e-06, 1.055106316585861e-05, 1.219632570741631e-07, 6.789013001267210e-05, 2.291012738843869e-02, 1.225122946228914e+00, -1.225321896580490e+00
4107, 5.478921532630920e-01, 6.239936665054819e-02, 7.328755304169715e-03, 2.720801363207903e-06, 1.335771522049868e-05, 1.224788278164744e-07, 7.890535277009688e-05, 3.716121351487196e-02, 1.316248857130204e+00, -1.316752776551388e+00
4133, 5.638301968574519e-01, 6.196368219908423e-02, 5.977865016724574e-03, 2.916023685859685e-06, 1.711523933565783e-05, 1.173162663986421e-07, 9.633868564378912e-05, 5.685133987367248e-02, 1.562147262609091e+00, -1.563168037024824e+00
4159, 5.797371864318850e-01, 6.137234621770644e-02, 4.760085412412128e-03, 2.628925478913393e-06, 2.070155133200518e-05, 1.311427493915371e-07, 1.223832376411104e-04, 8.945249003219144e-02, 2.027066039709908e+00, -2.029031642486642e+00
4185, 5.956164002418520e-01, 6.064560768349533e-02, 2.589104144576015e-03, 2.757169582619431e-06, 2.255417290492688e-05, 1.283247695430393e-07, 1.372402387915961e-04, 1.175096214346865e-01, 2.211319478623748e+00, -2.214429482919438e+00
4211, 6.114472150802610e-01, 5.978295889607260e-02, 3.621491252317980e-04, 3.288643658392701e-06, 2.569490921682043e-05, 1.306661399769503e-07, 1.382564853066429e-04, 1.401860639592440e-01, 2.250049638213830e+00, -2.254402165310406e+00
4237, 6.271871328353880e-01, 5.877436701491205e-02, -8.777950032000260e-04, 3.634275700972503e-06, 2.883103538485928e-05, 1.280107526266171e-07, 1.400789877986644e-04, 1.597156273653638e-01, 2.224056205329900e+00, -2.229773715056341e+00
4263, 6.428214907646180e-01, 5.762396329031529e-02, -2.108319132535133e-03, 4.481396050727721e-06, 3.254819173933629e-05, 1.160137647690838e-07, 1.382088208937998e-04, 1.712626990129881e-01, 2.183559277418986e+00, -2.190263138155326e+00
4289, 6.584149599075320e-01, 5.636909435398708e-02, -2.134621966236461e-03, 5.419251506679773e-06, 4.642425031050036e-05, 1.140089714860465e-07, 1.435502005240887e-04, 1.884877797242246e-01, 2.060880800949652e+00, -2.069461439439665e+00
4315, 6.737585067749020e-01, 5.493474869178221e-02, -2.134408193703082e-03, 5.400516129552657e-06, 3.970711273720832e-05, 1.021991704711226e-07, 1.400003584304063e-04, 1.966746577462253e-01, 1.924246948326310e+00, -1.934262077627440e+00
4341, 6.888993382453920e-01, 5.335075591413188e-02, -2.308250809580574e-03, 6.109540403453350e-06, 4.192714894616146e-05, 1.019761710069732e-07, 1.350706696534472e-04, 1.856070402430424e-01, 1.812155349967340e+00, -1.821633195470945e+00
4367, 7.042160034179690e-01, 5.176314150892186e-02, -1.410445076405125e-03, 5.999690446164011e-06, 4.350758481473137e-05, 1.011279779120529e-07, 1.387206279454823e-04, 1.906674042703474e-01, 1.703274699301807e+00, -1.713903391612606e+00
4393, 7.193410396575930e-01, 5.004776989813625e-02, -1.654916829670694e-03, 6.573170431985691e-06, 4.535398099275919e-05, 9.233181223436407e-08, 1.387689237970819e-04, 2.004890527716073e-01, 1.589552414536610e+00, -1.602121919807865e+00
4419, 7.341139912605290e-01, 4.815954976892642e-02, -2.827778911220236e-03, 7.445043751498628e-06, 4.724766991866309e-05, 8.252571878903860e-08, 1.330183777371645e-04, 1.896567511630585e-01, 1.493118161114093e+00, -1.505114208239929e+00
4445, 7.489700317382810e-01, 4.625112302659241e-02, -3.622056824806926e-03, 7.916129562678296e-06, 4.943156728896467e-05, 8.568521476040655e-08, 1.295881648244279e-04, 1.856125464423878e-01, 1.377918331523273e+00, -1.390359267293308e+00
4471, 7.636658549308780e-01, 4.425387165333113e-02, -4.371459201128653e-03, 8.381526418655974e-06, 5.084741758838275e-05, 7.882048401023880e-08, 1.255741882059903e-04, 1.929171715009636e-01, 1.324416355832714e+00, -1.338382762791416e+00
4497, 7.780403494834900e-01, 4.213250959316386e-02, -5.929544454082983e-03, 9.350399535889545e-06, 5.250022160700093e-05, 7.484691939504646e-08, 1.146562265068508e-04, 2.105092252919093e-01, 1.393070140840963e+00, -1.408885191958779e+00
4523, 7.922744154930110e-01, 3.995223562458264e-02, -7.042514286408939e-03, 1.015730819287775e-05, 5.453512523170493e-05, 6.971761267544494e-08, 1.033436922474354e-04, 2.155796931298458e-01, 1.374637963989263e+00, -1.391439334388031e+00
4549, 8.063289523124690e-01, 3.771371657525390e-02, -7.326540471200729e-03, 1.068806624041598e-05, 5.570719781665502e-05, 6.310360745520903e-08, 9.429790457444999e-05, 2.067102184253168e-01, 1.262158793774411e+00, -1.278973335207912e+00
4575, 8.201366662979130e-01, 3.541300307480479e-02, -7.291639256234907e-03, 1.113141476359446e-05, 5.607093678706252e-05, 5.538162428282372e-08, 8.527080686716213e-05, 1.922504786760644e-01, 1.125334669187003e+00, -1.141638061918725e+00
4601, 8.336892127990720e-01, 3.306292455625348e-02, -7.180306895974552e-03, 1.159922310789706e-05, 5.709504912827796e-05, 4.803905165176715e-08, 7.586572585385691e-05, 1.751638551462424e-01, 9.971484699745199e-01, -1.012416507988739e+00
4627, 8.470668792724610e-01, 3.069633904173892e-02, -7.057753140641762e-03, 1.187367140204409e-05, 5.730705573806029e-05, 4.018399480287913e-08, 6.635750280537324e-05, 1.586636802518535e-01, 8.798022545113249e-01, -8.939940441368373e-01
4653, 8.601957559585570e-01, 2.831043918052027e-02, -6.935342610391301e-03, 1.216700959242342e-05, 5.739291155315908e-05, 3.282828295220445e-08, 5.673028820434486e-05, 1.401073914882157e-01, 7.536245902987546e-01, -7.665368909911286e-01
4679, 8.730279207229610e-01, 2.590980957830809e-02, -6.899988318767340e-03, 1.239087657384370e-05, 5.722341787616190e-05, 2.610256573185793e-08, 4.726514113666736e-05, 1.195520600520582e-01, 6.269163225652982e-01, -6.382127516638340e-01
4705, 8.855857253074650e-01, 2.351476541716218e-02, -7.001974985163232e-03, 1.254848804404105e-05, 5.668274756615797e-05, 2.047348976327150e-08, 3.813662146004767e-05, 1.059899688564509e-01, 5.466122743347258e-01, -5.567923604152732e-01
4731, 8.978731632232670e-01, 2.114119955078982e-02, -7.086595687600590e-03, 1.269332230923652e-05, 5.595565566830036e-05, 1.486391114856307e-08, 2.955281050822004e-05, 9.606554061601301e-02, 4.858646549078589e-01, -4.952691942264429e-01
4757, 9.098071455955510e-01, 1.878740064136755e-02, -6.978292139881759e-03, 1.266135434462982e-05, 5.500631002153512e-05, 9.307574062291243e-09, 2.248815874657044e-05, 7.881012224677526e-02, 3.924774377653510e-01, -4.003101318641329e-01
4783, 9.214465022087100e-01, 1.647937173948747e-02, -6.742496037107849e-03, 1.252364545430478e-05, 5.385095774580644e-05, 4.151996429611586e-09, 1.684218021395906e-05, 6.328505606482544e-02, 3.107188303181670e-01, -3.170956070629501e-01
4809, 9.327191114425660e-01, 1.421494086041479e-02, -6.436512868432561e-03, 1.242384361682958e-05, 5.266021742909501e-05, -1.199565227964566e-09, 1.218918541305961e-05, 4.969642654126712e-02, 2.390701757130289e-01, -2.441776026913951e-01
4835, 9.435870051383970e-01, 1.199579200661370e-02, -6.051352970690961e-03, 1.230807136888743e-05, 5.135927007563966e-05, -6.228475690190752e-09, 8.441692170760037e-06, 3.776900649661444e-02, 1.781999905556366e-01, -1.821548895958226e-01
4861, 9.540644884109500e-01, 9.831905068013262e-03, -5.440699681565986e-03, 1.211083426195855e-05, 4.984480914249969e-05, -1.146362700233082e-08, 5.734738405215994e-06, 2.826423212771047e-02, 1.319175481280432e-01, -1.349083462673067e-01
4887, 9.641631841659550e-01, 7.733580650562454e-03, -4.398923139996328e-03, 1.179925019605881e-05, 4.818594251441943e-05, -1.699759620406671e-08, 4.417937807798627e-06, 2.120044951050430e-02, 9.990446992715851e-02, -1.021282755959760e-01
4913, 9.738758206367490e-01, 5.713128991095109e-03, -2.583838066525061e-03, 1.142756850190939e-05, 4.620722964833853e-05, -2.471192455911196e-08, 2.970847305488768e-06, 1.852484157007646e-02, 9.203496988235377e-02, -9.387788449690873e-02
4939, 9.830872416496280e-01, 3.768986226406325e-03, 3.932890341060494e-04, 1.115752588170351e-05, 4.409635825529469e-05, -3.677117121835263e-08, 2.206347948037743e-06, 2.540726163332761e-02, 1.385745377831802e-01, -1.408365518728202e-01
4965, 9.918504953384401e-01, 1.930545528697703e-03, 4.537360516105156e-03, 8.388813739499886e-06, 3.974233521576568e-05, -4.358714274002849e-08, 2.205451539837550e-06, 4.808541997252624e-02, 3.235150170735754e-01, -3.264382947015503e-01
4991, 1.000000000000000e+00, 1.699999993434180e-04, -1.592380797885359e-03, 2.067735159796562e-05, 1.528421449713464e-04, -2.191293275443919e-08, -2.263999222342888e-04, -5.333959137441695e-01, 1.016698041723020e+00, 1.084132638199581e+00
