"PointID","x","y","Density","Momentum_x","Momentum_y","Energy","Pressure","Temperature","Mach","Pressure_Coefficient","Velocity_x","Velocity_y"
0, 9.997500181200000e-01, -3.632896519016437e-05, 1.555580386779875e+00, 2.684058801998101e+02, 3.582412883647314e+01, 3.507024531166922e+05, 1.308536208407626e+05, 2.930377904222285e+02, 5.072512983095168e-01, 6.505018513791054e-01, 1.725438829653947e+02, 2.302942949199224e+01
1, 9.990000128750000e-01, -1.452537504052920e-04, 1.505841231380994e+00, 2.778207364759318e+02, 3.980621680669768e+01, 3.404430440289315e+05, 1.257154378606950e+05, 2.908303816938396e+02, 5.451668810293040e-01, 5.373100582614069e-01, 1.844953708839177e+02, 2.643453770368058e+01
2, 9.977599978450000e-01, -3.251111630156300e-04, 1.485651794524193e+00, 2.872985201875495e+02, 4.138597050558040e+01, 3.366076866137037e+05, 1.233008155014230e+05, 2.891207504073188e+02, 5.731757298703122e-01, 4.841170451654631e-01, 1.933821378915792e+02, 2.785711339502337e+01
3, 9.960200190539999e-01, -5.769983605901485e-04, 1.468765674298149e+00, 2.938169821222229e+02, 4.231696918731532e+01, 3.333429958572054e+05, 1.213381236903895e+05, 2.877896068756284e+02, 5.942869922229109e-01, 4.408798528953317e-01, 2.000434700127531e+02, 2.881124601957798e+01
4, 9.937800168990000e-01, -9.004365425509819e-04, 1.454758518758026e+00, 2.987655354696973e+02, 4.299488699827428e+01, 3.306219124042765e+05, 1.197230564928889e+05, 2.866930942834258e+02, 6.112702171052570e-01, 4.053006699818681e-01, 2.053712225206717e+02, 2.955465559671057e+01
5, 9.910500049590000e-01, -1.293363843462116e-03, 1.442905252556892e+00, 3.029176815939535e+02, 4.347142265341117e+01, 3.283258513434578e+05, 1.183497395944151e+05, 2.857326293389949e+02, 6.258708581712114e-01, 3.750471342747672e-01, 2.099359476702785e+02, 3.012770421091607e+01
6, 9.878399968150000e-01, -1.753609743384430e-03, 1.432139658001882e+00, 3.063448732257060e+02, 4.379384221697467e+01, 3.262261622696907e+05, 1.171167577512138e+05, 2.848813476144168e+02, 6.386124315706495e-01, 3.478851148887468e-01, 2.139071224751347e+02, 3.057930975675637e+01
7, 9.841300249100000e-01, -2.283176811071472e-03, 1.422335390813885e+00, 3.093733659847120e+02, 4.402487216278546e+01, 3.243134232308387e+05, 1.159944209407258e+05, 2.840962035144108e+02, 6.502085867002126e-01, 3.231605543672629e-01, 2.175108402580654e+02, 3.095252529545347e+01
8, 9.799500107769999e-01, -2.876826092032643e-03, 1.413206216737834e+00, 3.120558279250876e+02, 4.417562269716037e+01, 3.225279980036659e+05, 1.149537567410189e+05, 2.833661534183541e+02, 6.608647038086926e-01, 3.002352036634873e-01, 2.208140781077370e+02, 3.125914829269072e+01
9, 9.752799868580000e-01, -3.536324145770189e-03, 1.404647341341740e+00, 3.144857809068087e+02, 4.425939904381629e+01, 3.208522424752004e+05, 1.139799684028460e+05, 2.826777175773142e+02, 6.708076079439694e-01, 2.787830972393909e-01, 2.238894928647409e+02, 3.150926053904681e+01
10, 9.701499938960000e-01, -4.256268552403566e-03, 1.396538660644588e+00, 3.167019902925248e+02, 4.428338628149158e+01, 3.192621276585638e+05, 1.130599046917150e+05, 2.820239542078522e+02, 6.801591888032618e-01, 2.585145194854553e-01, 2.267763859443371e+02, 3.170938802442611e+01
11, 9.645400047300000e-01, -5.038225493362627e-03, 1.388801282873091e+00, 3.187430010239232e+02, 4.425582118695456e+01, 3.177426823178739e+05, 1.121841145813109e+05, 2.813983851933960e+02, 6.890285295275502e-01, 2.392212686658663e-01, 2.295094373505486e+02, 3.186620125767747e+01
12, 9.584699869160000e-01, -5.878077433056352e-03, 1.381384426081723e+00, 3.206386933297744e+02, 4.418077605983813e+01, 3.162845270373779e+05, 1.113462570687969e+05, 2.807963205122908e+02, 6.974947519230316e-01, 2.207636554227234e-01, 2.321140207431332e+02, 3.198296956710034e+01
13, 9.519400000570000e-01, -6.774428848839826e-03, 1.374238159615713e+00, 3.224037779719299e+02, 4.406237319493707e+01, 3.148775928886456e+05, 1.105409442190558e+05, 2.802150851290824e+02, 7.056056153196542e-01, 2.030229860389096e-01, 2.346054617360398e+02, 3.206312740381079e+01
14, 9.449599981310000e-01, -7.724467125531491e-03, 1.367333943278232e+00, 3.240588941839777e+02, 4.390442017736866e+01, 3.135168555568284e+05, 1.097643652399064e+05, 2.796514789813419e+02, 7.134140749991200e-01, 1.859153105262941e-01, 2.370005482399091e+02, 3.210950799049590e+01
15, 9.375399947170000e-01, -8.725349486403867e-03, 1.360645510801386e+00, 3.256141396791797e+02, 4.370983733599611e+01, 3.121971322571776e+05, 1.090135717576915e+05, 2.791039105212510e+02, 7.209490700575663e-01, 1.693756775777099e-01, 2.393085760356503e+02, 3.212433877083247e+01
16, 9.296900033950000e-01, -9.774221272349531e-03, 1.354144759629017e+00, 3.270819741227448e+02, 4.348114480178666e+01, 3.109130610877792e+05, 1.082852260486566e+05, 2.785700738775456e+02, 7.282481348495088e-01, 1.533305586835276e-01, 2.415413653502988e+02, 3.210967253877556e+01
17, 9.214000105860000e-01, -1.087086069705918e-02, 1.347806914954608e+00, 3.284716152292395e+02, 4.322184543538039e+01, 3.096598263064406e+05, 1.075764744016315e+05, 2.780481258882604e+02, 7.353413027238433e-01, 1.377170879073584e-01, 2.437082133832960e+02, 3.206827695852564e+01
18, 9.126999974250000e-01, -1.200973104171110e-02, 1.341622282378616e+00, 3.297905802166903e+02, 4.293276749452590e+01, 3.084357130936120e+05, 1.068860305658983e+05, 2.775370907885256e+02, 7.422459784730714e-01, 1.225069297411595e-01, 2.458147755506798e+02, 3.200063688448039e+01
19, 9.035800099370001e-01, -1.319055953446835e-02, 1.335567274187578e+00, 3.310410281144228e+02, 4.261637580165289e+01, 3.072357218391655e+05, 1.062115921864731e+05, 2.770361835288721e+02, 7.489764282468854e-01, 1.076493643701548e-01, 2.478654834634176e+02, 3.190882003871824e+01
20, 8.940600156780000e-01, -1.440916392228702e-02, 1.329640668267337e+00, 3.322353707262441e+02, 4.227445820846376e+01, 3.060603433847896e+05, 1.055522900863995e+05, 2.765436659349330e+02, 7.555591543044317e-01, 9.312524422825057e-02, 2.498685386625410e+02, 3.179389681540942e+01
21, 8.841500282290000e-01, -1.566269158090452e-02, 1.323830076762565e+00, 3.333743095369176e+02, 4.190865264796128e+01, 3.049068900192262e+05, 1.049069771116453e+05, 2.760593585491632e+02, 7.619993072180109e-01, 7.890929804301308e-02, 2.518256046517592e+02, 3.165712381338938e+01
22, 8.738499879840000e-01, -1.694956337677533e-02, 1.318108932205284e+00, 3.344579856580851e+02, 4.151986608503577e+01, 3.037696343402182e+05, 1.042731562577618e+05, 2.755824531089708e+02, 7.683101257625276e-01, 6.494651796204379e-02, 2.537407777811767e+02, 3.149957114361578e+01
23, 8.631799817090000e-01, -1.826569132102762e-02, 1.312486610343195e+00, 3.355011132850229e+02, 4.111040776040912e+01, 3.026515497402415e+05, 1.036507565510005e+05, 2.751109902656658e+02, 7.745196263285541e-01, 5.123534046650897e-02, 2.556225036058040e+02, 3.132253497783066e+01
24, 8.521599769590000e-01, -1.960709133914372e-02, 1.306930822353469e+00, 3.364979158992037e+02, 4.068032945417318e+01, 3.015452971534254e+05, 1.030371215133811e+05, 2.746448517160460e+02, 7.806311545850469e-01, 3.771724457591073e-02, 2.574718647259782e+02, 3.112661263961751e+01
25, 8.407700061800000e-01, -2.097463226217677e-02, 1.301438674565425e+00, 3.374572499936161e+02, 4.023210203486455e+01, 3.004508626580925e+05, 1.024313692775029e+05, 2.741824262388881e+02, 7.866673828582262e-01, 2.437280315954085e-02, 2.592955446835015e+02, 3.091355960226003e+01
26, 8.290500044819999e-01, -2.236196298315981e-02, 1.295995976203371e+00, 3.383780061103550e+02, 3.976435880839508e+01, 2.993650890435154e+05, 1.018322640653182e+05, 2.737235046049488e+02, 7.926323625367081e-01, 1.117479259891644e-02, 2.610949511599840e+02, 3.068247088612500e+01
27, 8.170099854470000e-01, -2.376642068849115e-02, 1.290599625123182e+00, 3.392664259094983e+02, 3.927866485207652e+01, 2.982877439743593e+05, 1.012390778867574e+05, 2.732668757260528e+02, 7.985429814489116e-01, -1.892824390279748e-03, 2.628750383195848e+02, 3.043443069985981e+01
28, 8.046399950980000e-01, -2.518763605296113e-02, 1.285240205936991e+00, 3.401208650136933e+02, 3.877509462759005e+01, 2.972166684598181e+05, 1.006510550462929e+05, 2.728125681497683e+02, 8.043998743791618e-01, -1.484669543079055e-02, 2.646360294694733e+02, 3.016953130510066e+01
29, 7.919700145720000e-01, -2.662062628442961e-02, 1.279917791995751e+00, 3.409428444548585e+02, 3.825276096580954e+01, 2.961519390459336e+05, 1.000681417097625e+05, 2.723604882312783e+02, 8.102052074236196e-01, -2.768800646429180e-02, 2.663787054035969e+02, 2.988688899008330e+01
30, 7.790099978450000e-01, -2.806276676215449e-02, 1.274629734696170e+00, 3.417395287762151e+02, 3.771236480232594e+01, 2.950935082122452e+05, 9.948956546667079e+04, 2.719091572344491e+02, 8.159787750800727e-01, -4.043377333653234e-02, 2.681088628908179e+02, 2.958691749907696e+01
31, 7.657799720760000e-01, -2.951033727360171e-02, 1.269354990410310e+00, 3.425100636152483e+02, 3.715372541626691e+01, 2.940368446347448e+05, 9.891334322643251e+04, 2.714576790709021e+02, 8.217326460166853e-01, -5.312768261533542e-02, 2.698300051623340e+02, 2.926976747793557e+01
32, 7.522799968720000e-01, -3.096181144522562e-02, 1.264053909890396e+00, 3.432532493290814e+02, 3.657545328820650e+01, 2.929734740210869e+05, 9.833567521763910e+04, 2.710040949178580e+02, 8.274921720963103e-01, -6.585344150631141e-02, 2.715495333255560e+02, 2.893504224940682e+01
33, 7.385200262070000e-01, -3.241453277608040e-02, 1.258725367121499e+00, 3.439773211247676e+02, 3.597792938538684e+01, 2.919037951558734e+05, 9.775581404216723e+04, 2.705465232401177e+02, 8.332813596676381e-01, -7.862751484422408e-02, 2.732743218732360e+02, 2.858282698128388e+01
34, 7.245299816130000e-01, -3.386376679305321e-02, 1.253374858191462e+00, 3.446826535083525e+02, 3.535872838083679e+01, 2.908289757569138e+05, 9.717429342264424e+04, 2.700851821953688e+02, 8.390974540378083e-01, -9.143814496659780e-02, 2.750036441657263e+02, 2.821081670000715e+01
35, 7.103199958800001e-01, -3.530689307158652e-02, 1.247986699366299e+00, 3.453622350438506e+02, 3.471766976502386e+01, 2.897451675588739e+05, 9.659010644198653e+04, 2.696205766212787e+02, 8.449341504951198e-01, -1.043075137907870e-01, 2.767355094563254e+02, 2.781894212706975e+01
36, 6.958900094030001e-01, -3.674225211597043e-02, 1.242580777382301e+00, 3.460306813393557e+02, 3.405269771858317e+01, 2.886576909753130e+05, 9.600408895837354e+04, 2.691506575516831e+02, 8.508171545726111e-01, -1.172172077479305e-01, 2.784774138131492e+02, 2.740481612014048e+01
37, 6.812700033190000e-01, -3.816515293304169e-02, 1.237108947596303e+00, 3.466706588351032e+02, 3.336140264558737e+01, 2.875550529395520e+05, 9.541283006628782e+04, 2.686761862621203e+02, 8.567368259718166e-01, -1.302423675080227e-01, 2.802264582344851e+02, 2.696723090590236e+01
38, 6.664699912070000e-01, -3.957289370556494e-02, 1.231583573497548e+00, 3.472960179803299e+02, 3.264295760572237e+01, 2.864409645629219e+05, 9.481644595512225e+04, 2.681946622041023e+02, 8.627241542813687e-01, -1.433804334725103e-01, 2.819914339991165e+02, 2.650486601816256e+01
39, 6.514999866490000e-01, -4.096270419333766e-02, 1.225980944940900e+00, 3.479041381819895e+02, 3.189406676910900e+01, 2.853102478031015e+05, 9.421277482816865e+04, 2.677049615617674e+02, 8.687926929768984e-01, -1.566790290224029e-01, 2.837761382977780e+02, 2.601514069262021e+01
40, 6.363800168040000e-01, -4.233084266562091e-02, 1.220291215488635e+00, 3.484923769552146e+02, 3.111416874261815e+01, 2.841606567817063e+05, 9.360101440954339e+04, 2.672067444905003e+02, 8.749461623471414e-01, -1.701558279241260e-01, 2.855813206978382e+02, 2.549733075818239e+01
41, 6.211299896240000e-01, -4.367359094194759e-02, 1.214507688342847e+00, 3.490662613808289e+02, 3.029858219116684e+01, 2.829912484192878e+05, 9.298003468897883e+04, 2.666980134398460e+02, 8.812086226244947e-01, -1.838357237809110e-01, 2.874137930383279e+02, 2.494721316462657e+01
42, 6.057599782940000e-01, -4.498807223669178e-02, 1.208610579318197e+00, 3.496187696320806e+02, 2.944706079814500e+01, 2.817973576791211e+05, 9.234837614542757e+04, 2.661786493816856e+02, 8.875808236754230e-01, -1.977508691659712e-01, 2.892732991211346e+02, 2.436439106362673e+01
43, 5.902799963950000e-01, -4.627132533375768e-02, 1.202600981702491e+00, 3.501567462481061e+02, 2.855428513050868e+01, 2.805798001922197e+05, 9.170556162212507e+04, 2.656467250394579e+02, 8.940856020682474e-01, -2.119117756220024e-01, 2.911661902623746e+02, 2.374377334208152e+01
44, 5.747100114820000e-01, -4.751950934859488e-02, 1.196469703658770e+00, 3.506718587813293e+02, 2.761905404890043e+01, 2.793360216206494e+05, 9.105129994783302e+04, 2.651030899913879e+02, 9.007117250185411e-01, -2.263248575166319e-01, 2.930887908895517e+02, 2.308378888695814e+01
45, 5.590599775310000e-01, -4.872955796694115e-02, 1.190224127738385e+00, 3.511697348438005e+02, 2.663650535875622e+01, 2.780680704292669e+05, 9.038582810302079e+04, 2.645464492358017e+02, 9.074741418772502e-01, -2.409848942797929e-01, 2.950450479533454e+02, 2.237940295276136e+01
46, 5.433599948880000e-01, -4.989683951066199e-02, 1.183854711968959e+00, 3.516414029578150e+02, 2.560562654448618e+01, 2.767732675536984e+05, 8.970887122000651e+04, 2.639777545556943e+02, 9.143604694345085e-01, -2.558979411193096e-01, 2.970308766799377e+02, 2.162902785756498e+01
47, 5.276100039480000e-01, -5.101897737545535e-02, 1.177385647622486e+00, 3.520894309569020e+02, 2.452243508353372e+01, 2.754569190347494e+05, 8.902261206664571e+04, 2.633976772749070e+02, 9.213618921973785e-01, -2.710159126695015e-01, 2.990434201978613e+02, 2.082786989382135e+01
48, 5.118399858470000e-01, -5.209138375948307e-02, 1.170858408440943e+00, 3.525029372340630e+02, 2.338239885490866e+01, 2.741267651149897e+05, 8.833214926148490e+04, 2.628117413395505e+02, 9.284114455284748e-01, -2.862264887234125e-01, 3.010636766092310e+02, 1.997030442480531e+01
49, 4.960500001910000e-01, -5.311153541819326e-02, 1.164330226501819e+00, 3.528938816328832e+02, 2.217768660458212e+01, 2.727957383151801e+05, 8.764226754094964e+04, 2.622211867861401e+02, 9.354943313244980e-01, -3.014242637519464e-01, 3.030874519964478e+02, 1.904759156791287e+01
50, 4.802699983120000e-01, -5.407492053959814e-02, 1.157656897555876e+00, 3.532624771064737e+02, 2.090508849742464e+01, 2.714339192323578e+05, 8.693824539306579e+04, 2.616142237279528e+02, 9.427515030629351e-01, -3.169335458508292e-01, 3.051530015951233e+02, 1.805810386614625e+01
51, 4.645099937920000e-01, -5.497835513414191e-02, 1.150400792056172e+00, 3.536176810134559e+02, 1.957481338704291e+01, 2.699514225743717e+05, 8.617449265869775e+04, 2.609515666224806e+02, 9.506494058397210e-01, -3.337586651268514e-01, 3.073865069072287e+02, 1.701564665307281e+01
52, 4.487800002100000e-01, -5.581859897363720e-02, 1.142327119084037e+00, 3.539344105669251e+02, 1.820597426576899e+01, 2.682978227590999e+05, 8.532875132410611e+04, 2.602167500477426e+02, 9.593777329283851e-01, -3.523899553217609e-01, 3.098363022762900e+02, 1.593761888483157e+01
53, 4.331099987030000e-01, -5.659141825851464e-02, 1.134673587990992e+00, 3.541757972713135e+02, 1.678082200783911e+01, 2.667266714858532e+05, 8.453062315208718e+04, 2.595215760954467e+02, 9.676076034056711e-01, -3.699723495803993e-01, 3.121389278994350e+02, 1.478911837328528e+01
54, 4.174999892710000e-01, -5.729416860686566e-02, 1.130076736047442e+00, 3.543133184471187e+02, 1.524629927537956e+01, 2.657807099297265e+05, 8.405355175331603e+04, 2.591066028953860e+02, 9.725079536665512e-01, -3.804820117083458e-01, 3.135303180263364e+02, 1.349138407070040e+01
55, 4.019699990750000e-01, -5.792324246601335e-02, 1.130114979236471e+00, 3.543817578719639e+02, 1.352797083842660e+01, 2.657885093548166e+05, 8.405759128599385e+04, 2.591102866976358e+02, 9.724644931770539e-01, -3.803930226729350e-01, 3.135802678338018e+02, 1.197043759880643e+01
56, 3.865399956700000e-01, -5.847520956655861e-02, 1.131271664557559e+00, 3.544567778574562e+02, 1.161671668428221e+01, 2.660286655112919e+05, 8.417550654670929e+04, 2.592084616030980e+02, 9.713059603844196e-01, -3.777954040501459e-01, 3.133259578247143e+02, 1.026872416964984e+01
57, 3.712300062180000e-01, -5.894684318665333e-02, 1.123204953167814e+00, 3.546468675268666e+02, 9.662264057439138e+00, 2.643708840679908e+05, 8.333610203618517e+04, 2.584666525554570e+02, 9.800475275947066e-01, -3.962870969435080e-01, 3.157454625949109e+02, 8.602405135579506e+00
58, 3.560400009160000e-01, -5.933561549045978e-02, 1.095553025716354e+00, 3.547931667886502e+02, 7.913590088677362e+00, 2.586701030789524e+05, 8.047676410454987e+04, 2.558983279253934e+02, 1.010106764995389e+00, -4.592769882857962e-01, 3.238484659897316e+02, 7.223374773213618e+00
59, 3.409900069240000e-01, -5.963847719943702e-02, 1.053964061884832e+00, 3.543316870432090e+02, 6.344495760952618e+00, 2.500746155446995e+05, 7.619768692304593e+04, 2.518525374249394e+02, 1.056894862589208e+00, -5.535430782523102e-01, 3.361895342138594e+02, 6.019650944840174e+00
60, 3.261100053790000e-01, -5.985254444802346e-02, 1.022363625553484e+00, 3.532939136241985e+02, 4.360520834160373e+00, 2.435077391974745e+05, 7.298211660155737e+04, 2.486803158795426e+02, 1.093186583093133e+00, -6.243806042799562e-01, 3.455658092617815e+02, 4.265136909384554e+00
61, 3.113999962810000e-01, -5.997565198183213e-02, 1.010385985917512e+00, 3.525913503159871e+02, 2.053129721080584e+00, 2.409938288017978e+05, 7.178814908824094e+04, 2.475117310026086e+02, 1.106483555741471e+00, -6.506831560343099e-01, 3.489669841331041e+02, 2.032025136627540e+00
62, 2.968699932100000e-01, -6.000550062925582e-02, 1.010861093621904e+00, 3.524740364154010e+02, -3.500115555416884e-01, 2.410783546920680e+05, 7.185070075037707e+04, 2.476109644935784e+02, 1.105355771947780e+00, -6.493051718661423e-01, 3.486869151848454e+02, -3.462508921849993e-01
63, 2.825500071050000e-01, -5.994005483718394e-02, 1.015255616930281e+00, 3.525836134544566e+02, -2.797262744969693e+00, 2.419860246078339e+05, 7.230342903351868e+04, 2.480926161854177e+02, 1.099878280662810e+00, -6.393317773096056e-01, 3.472855580159465e+02, -2.755230011361548e+00
64, 2.684499919410000e-01, -5.977765596976551e-02, 1.019820462129213e+00, 3.527852527087250e+02, -5.319253302831316e+00, 2.429398869217426e+05, 7.276269113902765e+04, 2.485509210553775e+02, 1.094660704291849e+00, -6.292144456701461e-01, 3.459287843393228e+02, -5.215872303371531e+00
65, 2.545700073240000e-01, -5.951657836311273e-02, 1.024065977703636e+00, 3.529626396499760e+02, -7.949052288213283e+00, 2.438286891204790e+05, 7.318815888251500e+04, 2.489678274619955e+02, 1.089909525977646e+00, -6.198415881861099e-01, 3.446678703665745e+02, -7.762246243194437e+00
66, 2.409400045870000e-01, -5.915585896897953e-02, 1.028644167076189e+00, 3.531312159316032e+02, -1.072038685429725e+01, 2.447873417410270e+05, 7.364676187859867e+04, 2.494128551406794e+02, 1.084832564827732e+00, -6.097387764222560e-01, 3.432977381627903e+02, -1.042186131747464e+01
67, 2.275699973110000e-01, -5.869456802648413e-02, 1.033813525684101e+00, 3.532700108695104e+02, -1.363576985841374e+01, 2.458670694442159e+05, 7.416729603540828e+04, 2.499197520824827e+02, 1.079042882464710e+00, -5.982716498491355e-01, 3.417154081397247e+02, -1.318977699521835e+01
68, 2.144699990750000e-01, -5.813197420944613e-02, 1.039512835521595e+00, 3.533851692108369e+02, -1.670060419903583e+01, 2.470565652149635e+05, 7.474211765513307e+04, 2.504758664344855e+02, 1.072682291877907e+00, -5.856085955920420e-01, 3.399526750754544e+02, -1.606579892845286e+01
69, 2.016600072380000e-01, -5.746811193675738e-02, 1.045561391602612e+00, 3.534498036634123e+02, -1.992094565315620e+01, 2.483168688583821e+05, 7.535424649426040e+04, 2.510663672271089e+02, 1.065917989232051e+00, -5.721236805571621e-01, 3.380478721786511e+02, -1.905287036528944e+01
70, 1.891400069000000e-01, -5.670228146432130e-02, 1.052010400900951e+00, 3.534696571397687e+02, -2.330774259749371e+01, 2.496596871527586e+05, 7.600782756802897e+04, 2.516915478421712e+02, 1.058744257887861e+00, -5.577255919770855e-01, 3.359944510406496e+02, -2.215542981089612e+01
71, 1.769299954180000e-01, -5.583513598033686e-02, 1.059131097775017e+00, 3.534341293743029e+02, -2.687914126949556e+01, 2.511404353157106e+05, 7.673141100566712e+04, 2.523793456258709e+02, 1.050836948338422e+00, -5.417853837178120e-01, 3.337019658064844e+02, -2.537848367021067e+01
72, 1.650400012730000e-01, -5.486709202536137e-02, 1.067214278071060e+00, 3.533358260654121e+02, -3.065006790439600e+01, 2.528191678378085e+05, 7.755496290346282e+04, 2.531560511904468e+02, 1.041887651208513e+00, -5.236429165463232e-01, 3.310823639879051e+02, -2.871969438020878e+01
73, 1.534900069240000e-01, -5.379977779145956e-02, 1.076235560840461e+00, 3.531411407833490e+02, -3.463143841827848e+01, 2.546890518406003e+05, 7.847776873767593e+04, 2.540210192225888e+02, 1.031895350715579e+00, -5.033139310899348e-01, 3.281262519402087e+02, -3.217830712751570e+01
74, 1.422899961470000e-01, -5.263443049277360e-02, 1.085972305313813e+00, 3.528326437120472e+02, -3.883627104180545e+01, 2.567041750829353e+05, 7.947681852807886e+04, 2.549482699687833e+02, 1.021151416623263e+00, -4.813053265641221e-01, 3.249002225798836e+02, -3.576175087686324e+01
75, 1.314399987460000e-01, -5.137133628795417e-02, 1.096212686017694e+00, 3.523649940053103e+02, -4.328152938430965e+01, 2.588182770612132e+05, 8.053279864746184e+04, 2.559224080089035e+02, 1.009826326500065e+00, -4.580425732380370e-01, 3.214385296756388e+02, -3.948278462416100e+01
76, 1.209499984980000e-01, -5.001187382363489e-02, 1.107058223245426e+00, 3.517448528662312e+02, -4.799678596993730e+01, 2.610547193371830e+05, 8.165377485064395e+04, 2.569426210635542e+02, 9.979214754927626e-01, -4.333479862658181e-01, 3.177293167427672e+02, -4.335524994270945e+01
77, 1.108499988910000e-01, -4.856066993422563e-02, 1.118727609561029e+00, 3.509377916063681e+02, -5.300830265412928e+01, 2.634576272443937e+05, 8.286332176060780e+04, 2.580288863158599e+02, 9.851931785718788e-01, -4.067022276134125e-01, 3.136936896945546e+02, -4.738267135011437e+01
78, 1.011300012470000e-01, -4.701715290498424e-02, 1.131281681463375e+00, 3.498636802319867e+02, -5.833392039505055e+01, 2.660348926877296e+05, 8.417238045000458e+04, 2.591965400903667e+02, 9.714466710440441e-01, -3.778642705138040e-01, 3.092631003972581e+02, -5.156445238253343e+01
79, 9.181000292300000e-02, -4.538527151431038e-02, 1.144746999151625e+00, 3.484710205580606e+02, -6.401236356953446e+01, 2.687907917850349e+05, 8.558489694151143e+04, 2.604461629973749e+02, 9.566559831832874e-01, -3.467471859136215e-01, 3.044087652698048e+02, -5.591835018303099e+01
80, 8.290000259900000e-02, -4.366791468532204e-02, 1.159233393379539e+00, 3.467315806893095e+02, -7.008423067944761e+01, 2.717495659831846e+05, 8.711062974799266e+04, 2.617764751451177e+02, 9.408137341815055e-01, -3.131359982906696e-01, 2.991042034067662e+02, -6.045739458482083e+01
81, 7.440000027400000e-02, -4.186607976498817e-02, 1.174790728733889e+00, 3.445489879874124e+02, -7.658405755981141e+01, 2.749178321618121e+05, 8.875839841552849e+04, 2.631960043859752e+02, 9.237908003929943e-01, -2.768364171264564e-01, 2.932854163385713e+02, -6.518953179205675e+01
82, 6.633000075800000e-02, -3.998513962421356e-02, 1.191576919411716e+00, 3.418378171963863e+02, -8.356571713923054e+01, 2.783271157696946e+05, 9.054556248285674e+04, 2.647130999089115e+02, 9.054518876070876e-01, -2.374660198165217e-01, 2.868785150396773e+02, -7.013035900400548e+01
83, 5.869000032500000e-02, -3.802635805630503e-02, 1.209715638408159e+00, 3.384656382272711e+02, -9.107305319447366e+01, 2.819992328076298e+05, 9.248859101306884e+04, 2.663392753101595e+02, 8.856123156807978e-01, -1.946620005227864e-01, 2.797894211507849e+02, -7.528467873186699e+01
84, 5.149000138000000e-02, -3.599337852580232e-02, 1.229400534632760e+00, 3.342654412520595e+02, -9.915277896162344e+01, 2.859699029291421e+05, 9.461171163105291e+04, 2.680907607452689e+02, 8.640134464194301e-01, -1.478906358814258e-01, 2.718930339101484e+02, -8.065132246850850e+01
85, 4.473999887700000e-02, -3.389028465845557e-02, 1.250965710569412e+00, 3.290107292806420e+02, -1.078504323792062e+02, 2.903024532962168e+05, 9.695502421298057e+04, 2.699947122707381e+02, 8.402356046937839e-01, -9.626854417846191e-02, 2.630053937536655e+02, -8.621373988749468e+01
86, 3.844000026600000e-02, -3.171811260404538e-02, 1.274696279693518e+00, 3.224128690085896e+02, -1.171957801904913e+02, 2.950488933975396e+05, 9.955478094575075e+04, 2.720731896643789e+02, 8.138829496796621e-01, -3.899710651389724e-02, 2.529330901366629e+02, -9.194016022284879e+01
87, 3.260000050100000e-02, -2.948109446637338e-02, 1.300963978154104e+00, 3.141316763681460e+02, -1.271948975908963e+02, 3.002803824822187e+05, 1.024548997561010e+05, 2.743454780850963e+02, 7.845419864983751e-01, 2.489116871323374e-02, 2.414607027120438e+02, -9.776973054347668e+01
88, 2.723000012300000e-02, -2.718419978786347e-02, 1.330259529827638e+00, 3.036597013048913e+02, -1.377700670311355e+02, 3.060865874745662e+05, 1.057176255532173e+05, 2.768479848404280e+02, 7.514958351566052e-01, 9.676750804556891e-02, 2.282710211775266e+02, -1.035663071318019e+02
89, 2.232000045500000e-02, -2.482329437156798e-02, 1.363114356503599e+00, 2.903404102115503e+02, -1.487128862682449e+02, 3.125630037754260e+05, 1.094119734876890e+05, 2.796165706421087e+02, 7.138959361351841e-01, 1.781522833106211e-01, 2.129978375081283e+02, -1.090978798357717e+02
90, 1.789999939500000e-02, -2.241364555514381e-02, 1.400132003569536e+00, 2.733439244517339e+02, -1.596601496629325e+02, 3.198203780465560e+05, 1.136140345253975e+05, 2.826788689425787e+02, 6.707910661883512e-01, 2.707217432721251e-01, 1.952272526839350e+02, -1.140322121456337e+02
91, 1.394999958600000e-02, -1.994492353858276e-02, 1.441968933099623e+00, 2.516998297076067e+02, -1.697502070970137e+02, 3.279781149760784e+05, 1.184076228528378e+05, 2.860580039616685e+02, 6.209521465575253e-01, 3.763222756696493e-01, 1.745528796980102e+02, -1.177211264407220e+02
92, 1.049000024800000e-02, -1.742916196961543e-02, 1.488744824875307e+00, 2.241668504516207e+02, -1.775613720803148e+02, 3.370373423355496e+05, 1.238286595910502e+05, 2.897552091374068e+02, 5.629057404851372e-01, 4.957452061755436e-01, 1.505743944200755e+02, -1.192691783799731e+02
93, 7.519999985000000e-03, -1.486756313872443e-02, 1.540225661723972e+00, 1.898583216893328e+02, -1.806796996158417e+02, 3.469445761652599e+05, 1.298581847447004e+05, 2.937076903391700e+02, 4.952906425425032e-01, 6.285728548672145e-01, 1.232665617821383e+02, -1.173072908119237e+02
94, 5.040000193000000e-03, -1.226032473458219e-02, 1.595008768133463e+00, 1.483991698411370e+02, -1.752633964257863e+02, 3.574106207669552e+05, 1.363511722171805e+05, 2.978009963473884e+02, 4.161915957946268e-01, 7.716103639539612e-01, 9.303972041156804e+01, -1.098824031111038e+02
95, 3.049999941000000e-03, -9.605565346412577e-03, 1.650681802118983e+00, 1.016747502108825e+02, -1.564608346379613e+02, 3.680106478371584e+05, 1.429856692695898e+05, 3.017584875748070e+02, 3.246073734268365e-01, 9.177652635964059e-01, 6.159560860267705e+01, -9.478558159247429e+01
96, 1.560000004000000e-03, -6.917517506923035e-03, 1.697862632818390e+00, 5.530440461134913e+01, -1.203286024967072e+02, 3.769055538101164e+05, 1.486963830505165e+05, 3.050901593034814e+02, 2.227506410931496e-01, 1.043569645291770e+00, 3.257295586954867e+01, -7.087063474444106e+01
97, 5.600000150000000e-04, -4.173159738460802e-03, 1.738379741434394e+00, 1.753152902370335e+01, -6.460850941072493e+01, 3.847573553751034e+05, 1.533873339786660e+05, 3.073797069079980e+02, 1.095686045389250e-01, 1.146909123283149e+00, 1.008498235790387e+01, -3.716593553800526e+01
98, 5.999999800000000e-05, -1.375329724321098e-03, 1.744789035043589e+00, 2.059398105602904e-03, 2.075333592496763e+00, 3.858066340712870e+05, 1.543221599282823e+05, 3.081170386620396e+02, 3.380169693921699e-03, 1.167502906319002e+00, 1.180313530312537e-03, 1.189446718665856e+00
99, 0.000000000000000e+00, 0.000000000000000e+00, 1.728535531905858e+00, 9.893625282393116e-01, 5.113883475813260e+01, 3.824285365013228e+05, 1.526687122018405e+05, 3.076819902652454e+02, 8.414995623230116e-02, 1.131078218115339e+00, 5.723703736355682e-01, 2.958506424322540e+01
100, 5.999999800000000e-05, 1.375329724321098e-03, 1.724072675494479e+00, 1.333900881999366e+01, 9.970079837975501e+01, 3.820638925154193e+05, 1.516518038926618e+05, 3.064237033583283e+02, 1.662591564449132e-01, 1.108676198685758e+00, 7.736917944116201e+00, 5.782865177139934e+01
101, 5.600000150000000e-04, 4.173159738460802e-03, 1.684904986386155e+00, 4.365163720963744e+01, 1.622305394107459e+02, 3.749578023615228e+05, 1.466328770345213e+05, 3.031700431408011e+02, 2.856561112268988e-01, 9.981115627427948e-01, 2.590747701641209e+01, 9.628468116692075e+01
102, 1.560000004000000e-03, 6.917517506923035e-03, 1.602540029324550e+00, 9.414019680305476e+01, 2.063723954758937e+02, 3.589389431208592e+05, 1.371542783943908e+05, 2.981472572050370e+02, 4.089100136904384e-01, 7.893024213631604e-01, 5.874436524542457e+01, 1.287783092462764e+02
103, 3.049999941000000e-03, 9.605565346412577e-03, 1.527198308897494e+00, 1.468607292033376e+02, 2.267951583009645e+02, 3.445217525286730e+05, 1.282481721416332e+05, 2.925405643466527e+02, 5.159841378406942e-01, 5.931050223298704e-01, 9.616349648092424e+01, 1.485040658961253e+02
104, 5.040000193000000e-03, 1.226032473458219e-02, 1.451851389361074e+00, 1.942490012068842e+02, 2.298362505732944e+02, 3.299426878415369e+05, 1.195023305159116e+05, 2.867375404685203e+02, 6.105885116418227e-01, 4.004381788602703e-01, 1.337939975332935e+02, 1.583056311806404e+02
105, 7.519999985000000e-03, 1.486756313872443e-02, 1.382400539294377e+00, 2.328032839685963e+02, 2.217667723222926e+02, 3.163583019998167e+05, 1.115870375239409e+05, 2.811966863337111e+02, 6.918723129113904e-01, 2.260679374171891e-01, 1.684050876364870e+02, 1.604215030438934e+02
106, 1.049000024800000e-02, 1.742916196961543e-02, 1.321660161359246e+00, 2.624632549276689e+02, 2.079722041190846e+02, 3.043654351710285e+05, 1.047766986840511e+05, 2.761692093050071e+02, 7.605413603407308e-01, 7.603932457551522e-02, 1.985860379250152e+02, 1.573567927667564e+02
107, 1.394999958600000e-02, 1.994492353858276e-02, 1.269646235372714e+00, 2.847779044584262e+02, 1.920416717442594e+02, 2.940177212670246e+05, 9.902262690370364e+04, 2.716952584351343e+02, 8.187074732534231e-01, -5.072021378115768e-02, 2.242970494649855e+02, 1.512560478611462e+02
108, 1.789999939500000e-02, 2.241364555514381e-02, 1.225262645251234e+00, 3.012876824203217e+02, 1.759229986815932e+02, 2.851211226979963e+05, 9.417953860272285e+04, 2.677674054190423e+02, 8.680199994823934e-01, -1.574112076873644e-01, 2.458964072625785e+02, 1.435798270382437e+02
109, 2.232000045500000e-02, 2.482329437156798e-02, 1.187379389173350e+00, 3.135018632710285e+02, 1.604964619310532e+02, 2.774762558342895e+05, 9.009700633777289e+04, 2.643328875067213e+02, 9.100627971087168e-01, -2.473475041024969e-01, 2.640283856445305e+02, 1.351686439856348e+02
110, 2.723000012300000e-02, 2.718419978786347e-02, 1.154719150944621e+00, 3.225149131935332e+02, 1.462385566349895e+02, 2.708446982664840e+05, 8.661803780637558e+04, 2.613137834439513e+02, 9.463355161286008e-01, -3.239875707946587e-01, 2.793016058750728e+02, 1.266442636855539e+02
111, 3.260000050100000e-02, 2.948109446637338e-02, 1.126191598700875e+00, 3.291564543619225e+02, 1.331879012837277e+02, 2.650161352736977e+05, 8.361541715947514e+04, 2.586451998945329e+02, 9.779460733251352e-01, -3.901339140434963e-01, 2.922739387699419e+02, 1.182639805139440e+02
112, 3.844000026600000e-02, 3.171811260404538e-02, 1.101119430857773e+00, 3.340693844243841e+02, 1.213467411081093e+02, 2.598680757610972e+05, 8.100196539546593e+04, 2.562662863232125e+02, 1.005818788998219e+00, -4.477070469082440e-01, 3.033906904759130e+02, 1.102030694468630e+02
113, 4.473999887700000e-02, 3.389028465845557e-02, 1.078800284715359e+00, 3.376891539080453e+02, 1.106158032846544e+02, 2.552643416661311e+05, 7.869643238790247e+04, 2.541232128722807e+02, 1.030712909167716e+00, -4.984968720722199e-01, 3.130228631679907e+02, 1.025359418716137e+02
114, 5.149000138000000e-02, 3.599337852580232e-02, 1.058828032364552e+00, 3.403167706745146e+02, 1.008738664034547e+02, 2.511258814260965e+05, 7.665214597325363e+04, 2.521907960948967e+02, 1.053006229735061e+00, -5.435315556983003e-01, 3.214089165305972e+02, 9.526935755392253e+01
115, 5.869000032500000e-02, 3.802635805630503e-02, 1.040913889281180e+00, 3.422017083353278e+02, 9.201037649706629e+01, 2.473991991747839e+05, 7.483320391360257e+04, 2.504435673585543e+02, 1.073051975255787e+00, -5.836020074723622e-01, 3.287512174245660e+02, 8.839384068609705e+01
116, 6.633000075800000e-02, 3.998513962421356e-02, 1.024579768430907e+00, 3.435124558915608e+02, 8.391970899165047e+01, 2.439890042208389e+05, 7.318689701492735e+04, 2.488386884451715e+02, 1.091381740728630e+00, -6.198693865450777e-01, 3.352715586192307e+02, 8.190646699980159e+01
117, 7.440000027400000e-02, 4.186607976498817e-02, 1.009334283021964e+00, 3.443486226650611e+02, 7.649327016967399e+01, 2.407940743679412e+05, 7.166233042651170e+04, 2.473353819265033e+02, 1.108487143513089e+00, -6.534548829237665e-01, 3.411641003950401e+02, 7.578586347097202e+01
118, 8.290000259900000e-02, 4.366791468532204e-02, 9.949676685237816e-01, 3.448286853699284e+02, 6.965949993737601e+01, 2.377757291376393e+05, 7.023324849060833e+04, 2.459031731760656e+02, 1.124731830452352e+00, -6.849368965975746e-01, 3.465727543504458e+02, 7.001182263613525e+01
119, 9.181000292300000e-02, 4.538527151431038e-02, 9.813888309968718e-01, 3.450136420268213e+02, 6.333973210527863e+01, 2.349152714077099e+05, 6.889014866596702e+04, 2.445380001671397e+02, 1.140174192501713e+00, -7.145247641525011e-01, 3.515565198315580e+02, 6.454091396265393e+01
120, 1.011300012470000e-01, 4.701715290498424e-02, 9.687123038426108e-01, 3.449650765360893e+02, 5.747701524665617e+01, 2.322372386209834e+05, 6.764394925393160e+04, 2.432565172193452e+02, 1.154636640598192e+00, -7.419779604628933e-01, 3.561068391179809e+02, 5.933342130440681e+01
121, 1.108499988910000e-01, 4.856066993422563e-02, 9.571123875005385e-01, 3.447639949724427e+02, 5.203604051021906e+01, 2.297812328041024e+05, 6.650900585536183e+04, 2.420738427774638e+02, 1.167958537121668e+00, -7.669802382855327e-01, 3.602126557705311e+02, 5.436774321363569e+01
122, 1.209499984980000e-01, 5.001187382363489e-02, 9.464824162995049e-01, 3.444434791975985e+02, 4.697142561866704e+01, 2.275255077309480e+05, 6.547404455308406e+04, 2.409833097389121e+02, 1.180223295312382e+00, -7.897799567982255e-01, 3.639195755419114e+02, 4.962736212502801e+01
123, 1.314399987460000e-01, 5.137133628795417e-02, 9.362807712116795e-01, 3.439443189571448e+02, 4.222890754622785e+01, 2.253514964895601e+05, 6.448996496804157e+04, 2.399475843859203e+02, 1.191856481630507e+00, -8.114587746281067e-01, 3.673516850207575e+02, 4.510282475584507e+01
124, 1.422899961470000e-01, 5.263443049277360e-02, 9.261576030750436e-01, 3.433304696569400e+02, 3.777704436111420e+01, 2.231933201840478e+05, 6.351434430511036e+04, 2.389006151170862e+02, 1.203602704106900e+00, -8.329512463186358e-01, 3.707041528536920e+02, 4.078900203991873e+01
125, 1.534900069240000e-01, 5.379977779145956e-02, 9.161708284286304e-01, 3.425874067608922e+02, 3.357522695376517e+01, 2.210594240636425e+05, 6.255666636058142e+04, 2.378633237049610e+02, 1.215228886040580e+00, -8.540484482265908e-01, 3.739339827578669e+02, 3.664734339048067e+01
126, 1.650400012730000e-01, 5.486709202536137e-02, 9.069088385494239e-01, 3.418312976464702e+02, 2.963205033295696e+01, 2.190793392234011e+05, 6.166954644751663e+04, 2.368849476238302e+02, 1.226185744454157e+00, -8.735912893554016e-01, 3.769191379733603e+02, 3.267368127137522e+01
127, 1.769299954180000e-01, 5.583513598033686e-02, 8.984005363248464e-01, 3.410226211347128e+02, 2.591721197951730e+01, 2.172529941262766e+05, 6.086200348865688e+04, 2.359970571358708e+02, 1.236122842800855e+00, -8.913810870110128e-01, 3.795886214958857e+02, 2.884817064506524e+01
128, 1.891400069000000e-01, 5.670228146432130e-02, 8.903795530536671e-01, 3.402018660423483e+02, 2.242526515398861e+01, 2.155301614206225e+05, 6.010180590894751e+04, 2.351487577549453e+02, 1.245612077664275e+00, -9.081278878752177e-01, 3.820863415782447e+02, 2.518618613497848e+01
129, 2.016600072380000e-01, 5.746811193675738e-02, 8.824311788592919e-01, 3.392891522939728e+02, 1.911366454060039e+01, 2.138179415054756e+05, 5.935347290649443e+04, 2.343125963261881e+02, 1.254961802533622e+00, -9.246133175933514e-01, 3.844936131252387e+02, 2.166023254675611e+01
130, 2.144699990750000e-01, 5.813197420944613e-02, 8.746780725047262e-01, 3.383580368149456e+02, 1.597705836203501e+01, 2.121482676394221e+05, 5.862304229092922e+04, 2.334804162071798e+02, 1.264264113185126e+00, -9.407043660135078e-01, 3.868372232609242e+02, 1.826621572469873e+01
131, 2.275699973110000e-01, 5.869456802648413e-02, 8.673680666137302e-01, 3.374077829411826e+02, 1.300083670694290e+01, 2.105698560869722e+05, 5.793851857128873e+04, 2.326988853119081e+02, 1.272998304881099e+00, -9.557841067619941e-01, 3.890018504583041e+02, 1.498883485265850e+01
132, 2.409400045870000e-01, 5.915585896897953e-02, 8.608093594478766e-01, 3.365353593813788e+02, 1.019254344937914e+01, 2.091542894784063e+05, 5.732372705745041e+04, 2.319838674744444e+02, 1.280988050079298e+00, -9.693276792884807e-01, 3.909522540475544e+02, 1.184065128650162e+01
133, 2.545700073240000e-01, 5.951657836311273e-02, 8.549382629224724e-01, 3.357030959096444e+02, 7.534083837833982e+00, 2.078839090410232e+05, 5.677661082050425e+04, 2.313476303052196e+02, 1.288096983331898e+00, -9.813803967849155e-01, 3.926635529939858e+02, 8.812430282486009e+00
134, 2.684499919410000e-01, 5.977765596976551e-02, 8.496618899295127e-01, 3.349336467525612e+02, 5.022980048620582e+00, 2.067421395827999e+05, 5.628499026978468e+04, 2.307686457646889e+02, 1.294566086427298e+00, -9.922105699969888e-01, 3.941963864948057e+02, 5.911739843995220e+00
135, 2.825500071050000e-01, 5.994005483718394e-02, 8.447555733249401e-01, 3.341778166605700e+02, 2.639218783921481e+00, 2.056782161047593e+05, 5.583008092626849e+04, 2.302329811367188e+02, 1.300551282001291e+00, -1.002232012304190e+00, 3.955911357237374e+02, 3.124239563798995e+00
136, 2.968699932100000e-01, 6.000550062925582e-02, 8.400768534350490e-01, 3.334243390826756e+02, 3.767157394984747e-01, 2.046621475970266e+05, 5.539777299712558e+04, 2.297225523261411e+02, 1.306254789293854e+00, -1.011755555912605e+00, 3.968974239908093e+02, 4.484300906019436e-01
137, 3.113999962810000e-01, 5.997565198183213e-02, 8.355763996863166e-01, 3.326833990766583e+02, -1.771202502763541e+00, 2.036849659648547e+05, 5.498176347944144e+04, 2.292254560466164e+02, 1.311809742514054e+00, -1.020920053059430e+00, 3.981483909808258e+02, -2.119737349485298e+00
138, 3.261100053790000e-01, 5.985254444802346e-02, 8.311254777273412e-01, 3.319059177496293e+02, -3.812379112497326e+00, 2.027152657233335e+05, 5.457360596916742e+04, 2.287422562732486e+02, 1.317209948866122e+00, -1.029911574116892e+00, 3.993451369788405e+02, -4.587007876261993e+00
139, 3.409900069240000e-01, 5.963847719943702e-02, 8.267666464408797e-01, 3.311427315325222e+02, -5.748377455981817e+00, 2.017670471588110e+05, 5.417247499215727e+04, 2.282580354724712e+02, 1.322622242602511e+00, -1.038748303898407e+00, 4.005274438174877e+02, -6.952841507005413e+00
140, 3.560400009160000e-01, 5.933561549045978e-02, 8.225147809944083e-01, 3.303788765776378e+02, -7.591566422252778e+00, 2.008413606374886e+05, 5.378192505717024e+04, 2.277838752837914e+02, 1.327922873398458e+00, -1.047351938221021e+00, 4.016692273641752e+02, -9.229702125321912e+00
141, 3.712300062180000e-01, 5.894684318665333e-02, 8.185878909040548e-01, 3.296562502890288e+02, -9.336888066382043e+00, 1.999859593860541e+05, 5.342169142855029e+04, 2.273435638738288e+02, 1.332845919160462e+00, -1.055287718344650e+00, 4.027133237030343e+02, -1.140609111145086e+01
142, 3.865399956700000e-01, 5.847520956655861e-02, 8.150852633148719e-01, 3.289789604063837e+02, -1.099186620805717e+01, 1.992207378205983e+05, 5.310261571792576e+04, 2.269568097490658e+02, 1.337170876240399e+00, -1.062316808582580e+00, 4.036129411399963e+02, -1.348554157801152e+01
143, 4.019699990750000e-01, 5.792324246601335e-02, 8.118689420314703e-01, 3.283449163962673e+02, -1.255452679469488e+01, 1.985179168255032e+05, 5.280977035828160e+04, 2.265993691460171e+02, 1.341168694461999e+00, -1.068768056327729e+00, 4.044309363216652e+02, -1.546373576415026e+01
144, 4.174999892710000e-01, 5.729416860686566e-02, 8.086769117724718e-01, 3.276969840267466e+02, -1.403746571143989e+01, 1.978189629703557e+05, 5.252057756428794e+04, 2.262480239343883e+02, 1.345099015075649e+00, -1.075138839741991e+00, 4.052260912315337e+02, -1.735855878545158e+01
145, 4.331099987030000e-01, 5.659141825851464e-02, 8.054449447966432e-01, 3.270406196493259e+02, -1.544718496799199e+01, 1.971117240520470e+05, 5.222730674032546e+04, 2.258874568260340e+02, 1.349133247123725e+00, -1.081599460269169e+00, 4.060372118070669e+02, -1.917844921342458e+01
146, 4.487800002100000e-01, 5.581859897363720e-02, 8.022264027136816e-01, 3.263644757316021e+02, -1.679139589482818e+01, 1.964053646136732e+05, 5.193731234849044e+04, 2.255344380567290e+02, 1.353083812981628e+00, -1.087987902512899e+00, 4.068234037518746e+02, -2.093099384167378e+01
147, 4.645099937920000e-01, 5.497835513414191e-02, 7.992984194397400e-01, 3.257745343434405e+02, -1.806671878215442e+01, 1.957667814789698e+05, 5.166948900521882e+04, 2.251933479675924e+02, 1.356901676665875e+00, -1.093887926817462e+00, 4.075756018281492e+02, -2.260322095321808e+01
148, 4.802699983120000e-01, 5.407492053959814e-02, 7.965957566337430e-01, 3.251593443212602e+02, -1.928459299224717e+01, 1.951700673406500e+05, 5.142954842498388e+04, 2.249080849730977e+02, 1.360095290412991e+00, -1.099173706756373e+00, 4.081861365861647e+02, -2.420875686526384e+01
149, 4.960500001910000e-01, 5.311153541819326e-02, 7.945008561863499e-01, 3.247355745291188e+02, -2.043319278956150e+01, 1.947156982132494e+05, 5.123540587012993e+04, 2.246498622563034e+02, 1.362986697222548e+00, -1.103450577391307e+00, 4.087290428960245e+02, -2.571827661412727e+01
150, 5.118399858470000e-01, 5.209138375948307e-02, 7.925599381024757e-01, 3.242535121296387e+02, -2.153358324286808e+01, 1.942850752945181e+05, 5.106518496206608e+04, 2.244518237421422e+02, 1.365204547848772e+00, -1.107200465218311e+00, 4.091217541299869e+02, -2.716965898430745e+01
151, 5.276100039480000e-01, 5.101897737545535e-02, 7.908739032330722e-01, 3.239055003198304e+02, -2.258308769561758e+01, 1.939204592219340e+05, 5.090786058130125e+04, 2.242373468012029e+02, 1.367606844170171e+00, -1.110666248517384e+00, 4.095539111806738e+02, -2.855459966917419e+01
152, 5.433599948880000e-01, 4.989683951066199e-02, 7.898257563779204e-01, 3.236906274718833e+02, -2.363252916939202e+01, 1.936975691412771e+05, 5.080627916799919e+04, 2.240868870043772e+02, 1.369292325647490e+00, -1.112904040040904e+00, 4.098253631994776e+02, -2.992119334999781e+01
153, 5.590599775310000e-01, 4.872955796694115e-02, 7.910463767463902e-01, 3.237979928195810e+02, -2.457848190895336e+01, 1.939588640511763e+05, 5.092284783416479e+04, 2.242544568462176e+02, 1.367415185755395e+00, -1.110336086272849e+00, 4.093287098430017e+02, -3.107084822263617e+01
154, 5.747100114820000e-01, 4.751950934859488e-02, 7.914062707544883e-01, 3.232686961272956e+02, -2.547440583850183e+01, 1.939760551526347e+05, 5.101706798630791e+04, 2.245672153563733e+02, 1.363912230138166e+00, -1.108260459925894e+00, 4.084737612946975e+02, -3.218878442069428e+01
155, 5.902799963950000e-01, 4.627132533375768e-02, 7.900697304340970e-01, 3.249056078801497e+02, -2.606093576683958e+01, 1.939099420029024e+05, 5.066943260779243e+04, 2.234142978537978e+02, 1.376829168022196e+00, -1.115918706430148e+00, 4.112366230024192e+02, -3.298561476658601e+01
156, 6.057599782940000e-01, 4.498807223669178e-02, 7.873670737090609e-01, 3.194876895899462e+02, -2.665231904703836e+01, 1.927504849484106e+05, 5.099223662576880e+04, 2.256093827540207e+02, 1.352245051768943e+00, -1.108807483306704e+00, 4.057671450305017e+02, -3.384992837138454e+01
157, 6.211299896240000e-01, 4.367359094194759e-02, 8.796722656675452e-01, 3.236131650703464e+02, -3.011365350970141e+01, 2.116668815713443e+05, 6.065046455007026e+04, 2.401837256900455e+02, 1.189205367310134e+00, -8.960411919285919e-01, 3.678792405996458e+02, -3.423280997366611e+01
158, 6.363800168040000e-01, 4.233084266562091e-02, 1.147968515458038e+00, 3.199297649416624e+02, -2.726760569084218e+01, 2.666677714534955e+05, 8.870519143341747e+04, 2.691841012256521e+02, 8.503991354545867e-01, -2.780085423183561e-01, 2.786921075217911e+02, -2.375292120268859e+01
159, 6.514999866490000e-01, 4.096270419333766e-02, 1.288818120122209e+00, 3.178615249546124e+02, -2.896513252939283e+01, 2.962745524548613e+05, 1.027007744829308e+05, 2.775955057120061e+02, 7.414586966004690e-01, 3.030767515532600e-02, 2.466302420736232e+02, -2.247418163755044e+01
160, 6.664699912070000e-01, 3.957289370556494e-02, 1.286153552874329e+00, 3.195933128203567e+02, -2.990548517289427e+01, 2.958375267112782e+05, 1.023129387611934e+05, 2.771201355313557e+02, 7.478509388591098e-01, 2.176383369447186e-02, 2.484876802665757e+02, -2.325187774512672e+01
161, 6.812700033190000e-01, 3.816515293304169e-02, 1.272526309486764e+00, 3.205306006177701e+02, -3.087400594324367e+01, 2.930208012858495e+05, 1.009111218784714e+05, 2.762502054152621e+02, 7.594653189416535e-01, -9.117543475922352e-03, 2.518852445157275e+02, -2.426197848569102e+01
162, 6.958900094030001e-01, 3.674225211597043e-02, 1.272708984424463e+00, 3.202326160209416e+02, -3.152071152319856e+01, 2.930426206121755e+05, 1.009458527263805e+05, 2.763056186860242e+02, 7.587286361887388e-01, -8.352438969800329e-03, 2.516149567104339e+02, -2.476662922078189e+01
163, 7.103199958800001e-01, 3.530689307158652e-02, 1.274917433908125e+00, 3.198907982270029e+02, -3.212763008190599e+01, 2.934906295662723e+05, 1.011815065173726e+05, 2.764709003271458e+02, 7.565288238083873e-01, -3.161095013996530e-03, 2.509109921310052e+02, -2.519977312054015e+01
164, 7.245299816130000e-01, 3.386376679305321e-02, 1.275496260028642e+00, 3.196024256502429e+02, -3.277341258852873e+01, 2.935974029815051e+05, 1.012539185093881e+05, 2.765432071132334e+02, 7.555652736261302e-01, -1.565892341914907e-03, 2.505710409868751e+02, -2.569463636670544e+01
165, 7.385200262070000e-01, 3.241453277608040e-02, 1.276580542442787e+00, 3.192636412483056e+02, -3.339178042065527e+01, 2.938076971942862e+05, 1.013792821963693e+05, 2.766504217182920e+02, 7.541352098004537e-01, 1.195811664405164e-03, 2.500928305215919e+02, -2.615720615383876e+01
166, 7.522799968720000e-01, 3.096181144522562e-02, 1.278547136088947e+00, 3.187846220052533e+02, -3.396848250411188e+01, 2.941950023631618e+05, 1.016007691984464e+05, 2.768283712192260e+02, 7.517581106576409e-01, 6.075067816748614e-03, 2.493334919042639e+02, -2.656803300034825e+01
167, 7.657799720760000e-01, 2.951033727360171e-02, 1.281040291779902e+00, 3.182544629263520e+02, -3.452179840410970e+01, 2.946905006810341e+05, 1.018770691919680e+05, 2.770409695295187e+02, 7.489122963341890e-01, 1.216182880335480e-02, 2.484343895882956e+02, -2.694825340438313e+01
168, 7.790099978450000e-01, 2.806276676215449e-02, 1.283816768500627e+00, 3.176417979864121e+02, -3.505222390676441e+01, 2.952404725384077e+05, 1.021866024241048e+05, 2.772817338626116e+02, 7.456816429735650e-01, 1.898070265642669e-02, 2.474198855942557e+02, -2.730313606021987e+01
169, 7.919700145720000e-01, 2.662062628442961e-02, 1.286927190495362e+00, 3.169709415436570e+02, -3.556294881748153e+01, 2.958575246344022e+05, 1.025324337989481e+05, 2.775477012772151e+02, 7.421030183696595e-01, 2.659920779466894e-02, 2.463006018403024e+02, -2.763400220318035e+01
170, 8.046399950980000e-01, 2.518763605296113e-02, 1.290316512081413e+00, 3.162408774479482e+02, -3.605258324217183e+01, 2.965300045858166e+05, 1.029091753760243e+05, 2.778357893353850e+02, 7.382149749712410e-01, 3.489865038296809e-02, 2.450878327037908e+02, -2.794088342248315e+01
171, 8.170099854470000e-01, 2.376642068849115e-02, 1.293944750187426e+00, 3.154396857907954e+02, -3.651939354206497e+01, 2.972486917478954e+05, 1.033136703559012e+05, 2.781457337968482e+02, 7.340180283704673e-01, 4.380948759078864e-02, 2.437814178272329e+02, -2.822330206662626e+01
172, 8.290500044819999e-01, 2.236196298315981e-02, 1.297793082604483e+00, 3.145728979313942e+02, -3.696772267955037e+01, 2.980101350498822e+05, 1.037435430991003e+05, 2.784748421615596e+02, 7.295454734868461e-01, 5.327938517985625e-02, 2.423906415806222e+02, -2.848506682233310e+01
173, 8.407700061800000e-01, 2.097463226217677e-02, 1.301867046558032e+00, 3.136580677716786e+02, -3.739493527944673e+01, 2.988168287916780e+05, 1.041980134380284e+05, 2.788195040277936e+02, 7.248433906237806e-01, 6.329115641915094e-02, 2.409294164108002e+02, -2.872408160135408e+01
174, 8.521599769590000e-01, 1.960709133914372e-02, 1.306121388623503e+00, 3.126647947323925e+02, -3.779946042500368e+01, 2.996571652879229e+05, 1.046746800954910e+05, 2.791826634683248e+02, 7.198684119114972e-01, 7.379190228338321e-02, 2.393841778074733e+02, -2.894023538259322e+01
175, 8.631799817090000e-01, 1.826569132102762e-02, 1.310579072473752e+00, 3.116153473364824e+02, -3.818327213279965e+01, 3.005377103902344e+05, 1.051740860146591e+05, 2.795605351176209e+02, 7.146689927454924e-01, 8.479358355933622e-02, 2.377692074300412e+02, -2.913465729368602e+01
176, 8.738499879840000e-01, 1.694956337677533e-02, 1.315198135985981e+00, 3.104894852911989e+02, -3.854359593670170e+01, 3.014482665853910e+05, 1.056934386290684e+05, 2.799543293925332e+02, 7.092250269346237e-01, 9.623468130019218e-02, 2.360781062531163e+02, -2.930630365272396e+01
177, 8.841500282290000e-01, 1.566269158090452e-02, 1.320010266811433e+00, 3.093025080833167e+02, -3.888127355803665e+01, 3.023967700639801e+05, 1.062346111933956e+05, 2.803619480736688e+02, 7.035618794727310e-01, 1.081564624395417e-01, 2.343182593802518e+02, -2.945528117137816e+01
178, 8.940600156780000e-01, 1.440916392228702e-02, 1.324981642795729e+00, 3.080384594463865e+02, -3.919415315179128e+01, 3.033750735780758e+05, 1.067952807426472e+05, 2.807841222744158e+02, 6.976655989563816e-01, 1.205077531336393e-01, 2.324850771490096e+02, -2.958090277318188e+01
179, 9.035800099370001e-01, 1.319055953446835e-02, 1.330138288921688e+00, 3.067048593813534e+02, -3.948187111404329e+01, 3.043893850500062e+05, 1.073772958234004e+05, 2.812198762234019e+02, 6.915457435749036e-01, 1.333292760080795e-01, 2.305811823746475e+02, -2.968253108934284e+01
180, 9.126999974250000e-01, 1.200973104171110e-02, 1.335465705949762e+00, 3.052888958412238e+02, -3.974107733542360e+01, 3.054359079253199e+05, 1.079799645076288e+05, 2.816701244352876e+02, 6.851850734851753e-01, 1.466057882086637e-01, 2.286010748768028e+02, -2.975821629740793e+01
181, 9.214000105860000e-01, 1.087086069705918e-02, 1.340974796095012e+00, 3.037869509625270e+02, -3.997199467308401e+01, 3.065169254897657e+05, 1.086043784721170e+05, 2.821350643556116e+02, 6.785758956755295e-01, 1.603613388697307e-01, 2.265418797185229e+02, -2.980816253182723e+01
182, 9.296900033950000e-01, 9.774221272349531e-03, 1.346675344902035e+00, 3.021964476717820e+02, -4.017122728649858e+01, 3.076345389195602e+05, 1.092514658271880e+05, 2.826146747666984e+02, 6.717131677639471e-01, 1.746163738321712e-01, 2.244018566284553e+02, -2.982992704111686e+01
183, 9.375399947170000e-01, 8.725349486403867e-03, 1.352572500530116e+00, 3.005068893026951e+02, -4.033772391750797e+01, 3.087893928299863e+05, 1.099221756488287e+05, 2.831099333319029e+02, 6.645769494827330e-01, 1.893918008007448e-01, 2.221743301633864e+02, -2.982296616388277e+01
184, 9.449599981310000e-01, 7.724467125531491e-03, 1.358682664082183e+00, 2.987094049305662e+02, -4.046798477518634e+01, 3.099846595101841e+05, 1.106184128930077e+05, 2.836218818611731e+02, 6.571454249463516e-01, 2.047295850738357e-01, 2.198522236480807e+02, -2.978472151370479e+01
185, 9.519400000570000e-01, 6.774428848839826e-03, 1.365023353760500e+00, 2.967900455212450e+02, -4.055956743718369e+01, 3.112234863434276e+05, 1.113424532218252e+05, 2.841522175015589e+02, 6.493860478914980e-01, 2.206798584343434e-01, 2.174248848590163e+02, -2.971346045138805e+01
186, 9.584699869160000e-01, 5.878077433056352e-03, 1.371618301001025e+00, 2.947403864894199e+02, -4.060950555258052e+01, 3.125107480332011e+05, 1.120967684075812e+05, 2.847017697952180e+02, 6.412775305208891e-01, 2.372970728821070e-01, 2.148851369760191e+02, -2.960700183348615e+01
187, 9.645400047300000e-01, 5.038225493362627e-03, 1.378484020198858e+00, 2.925350398132057e+02, -4.061397825395889e+01, 3.138487874813495e+05, 1.128841278469501e+05, 2.852735399113492e+02, 6.327647259816889e-01, 2.546422369441972e-01, 2.122150387865977e+02, -2.946278495712992e+01
188, 9.701499938960000e-01, 4.256268552403566e-03, 1.385670559553947e+00, 2.901624263476152e+02, -4.056863705461268e+01, 3.152480755237559e+05, 1.137095539788063e+05, 2.858691638911108e+02, 6.238102191889243e-01, 2.728259926246491e-01, 2.094021730829149e+02, -2.927725986158780e+01
189, 9.752799868580000e-01, 3.536324145770189e-03, 1.393209958250749e+00, 2.875843020060267e+02, -4.046917221668030e+01, 3.167137328970454e+05, 1.145778443208650e+05, 2.864932686788603e+02, 6.143283661534563e-01, 2.919540270184569e-01, 2.064184944292994e+02, -2.904743249717477e+01
190, 9.799500107769999e-01, 2.876826092032643e-03, 1.401180597500403e+00, 2.847643873301279e+02, -4.030713827378737e+01, 3.182611109041020e+05, 1.154979118083235e+05, 2.871510196049210e+02, 6.042200084616534e-01, 3.122226879631377e-01, 2.032317517371604e+02, -2.876655467945543e+01
191, 9.841300249100000e-01, 2.283176811071472e-03, 1.409688336988569e+00, 2.816541096416232e+02, -4.007307958630747e+01, 3.199110006024744e+05, 1.164817360148755e+05, 2.878492308301869e+02, 5.933533514446664e-01, 3.338958799230607e-01, 1.997988507468989e+02, -2.842690723533482e+01
192, 9.878399968150000e-01, 1.753609743384430e-03, 1.418811100384253e+00, 2.781474482735885e+02, -3.975554351450228e+01, 3.216752751184115e+05, 1.175415664096864e+05, 2.886006080066234e+02, 5.814928966477406e-01, 3.572434530349291e-01, 1.960426220222400e+02, -2.802032173538493e+01
193, 9.910500049590000e-01, 1.293363843462116e-03, 1.428838460920650e+00, 2.741890054793310e+02, -3.933609645492411e+01, 3.236148169153493e+05, 1.187061627818167e+05, 2.894146292426911e+02, 5.684361899133953e-01, 3.828989721418148e-01, 1.918964340466182e+02, -2.753012151533106e+01
194, 9.937800168990000e-01, 9.004365425509819e-04, 1.439845036986166e+00, 2.694151561367941e+02, -3.874804426001292e+01, 3.257279081794856e+05, 1.200003423310542e+05, 2.903334511526453e+02, 5.534198758949060e-01, 4.114091486697293e-01, 1.871139943647857e+02, -2.691126007637530e+01
195, 9.960200190539999e-01, 5.769983605901485e-04, 1.452863296790983e+00, 2.637304843449889e+02, -3.795099299913507e+01, 3.282366110697393e+05, 1.215216607756455e+05, 2.913796981186804e+02, 5.359295729849800e-01, 4.449230899431971e-01, 1.815246382281832e+02, -2.612151678892257e+01
196, 9.977599978450000e-01, 3.251111630156300e-04, 1.468175899294864e+00, 2.563794493470288e+02, -3.688468194151628e+01, 3.311699287800040e+05, 1.233286167736988e+05, 2.926281591023296e+02, 5.144543233747096e-01, 4.847294943273672e-01, 1.746244775371690e+02, -2.512279486349781e+01
197, 9.990000128750000e-01, 1.452537504052920e-04, 1.489103034626752e+00, 2.464604886719802e+02, -3.511917858198132e+01, 3.352148905459851e+05, 1.257620017653378e+05, 2.942083796045571e+02, 4.861956973601575e-01, 5.383358395310748e-01, 1.655093589502732e+02, -2.358411591766318e+01
198, 9.997500181200000e-01, 3.632896519016437e-05, 1.518491064313916e+00, 2.296331284955546e+02, -3.167892865392662e+01, 3.408227588096426e+05, 1.292516923376944e+05, 2.965202399279090e+02, 4.422217300810817e-01, 6.152121078234470e-01, 1.512245504054430e+02, -2.086211068238309e+01
199, 1.000000000000000e+00, 0.000000000000000e+00, 1.512301337689611e+00, 1.975149064339601e+02, 3.990915064211124e+00, 3.380855219537406e+05, 1.300727948894355e+05, 2.996252994463441e+02, 3.764541520423499e-01, 6.333006170349007e-01, 1.306055225314484e+02, 2.638968150559311e+00
